# Blender 4.3.2
# www.blender.org
mtllib table.mtl
o table_final
v -0.842000 0.801000 0.343000
v -0.842000 0.775801 0.344232
v -0.666344 0.801000 0.342995
v -0.666344 0.775801 0.344223
v 0.769710 0.802813 0.342790
v 0.769687 0.775652 0.343984
v 0.603244 0.802795 0.343643
v 0.603222 0.775357 0.344813
v 0.603221 0.776466 0.282933
v -0.842000 0.776469 0.273628
v 0.769687 0.776466 0.302983
v 0.603244 0.804218 0.276377
v 0.769710 0.804218 0.276377
v -0.666344 0.776469 0.273628
v -0.842000 0.801480 0.274558
v -0.666344 0.801480 0.274558
v -0.842000 0.801015 0.340761
v -0.666344 0.775839 0.340274
v -0.666344 0.801015 0.340764
v -0.842000 0.775839 0.340272
v -0.842000 0.812304 0.274634
v -0.666344 0.812864 0.274638
v -0.842000 0.769644 0.273563
v -0.666344 0.770120 0.273568
v 0.769710 0.810629 0.276512
v 0.603244 0.811292 0.276526
v 0.603230 0.768309 0.282780
v 0.769697 0.767425 0.302812
v 0.769687 0.775726 0.340285
v 0.769710 0.802854 0.340819
v 0.603244 0.802837 0.341636
v 0.603222 0.775424 0.341071
v 0.756923 0.776455 -0.263449
v -0.602856 0.776455 -0.295820
v 0.590457 0.776455 -0.259530
v 0.756931 0.804227 -0.256184
v -0.769322 0.776455 -0.326501
v 0.590466 0.804227 -0.256184
v -0.602260 0.804234 -0.299298
v -0.768726 0.804234 -0.299298
v -0.768726 0.816885 -0.299878
v -0.602260 0.816258 -0.299850
v -0.769015 0.766182 -0.326254
v -0.602572 0.766943 -0.295591
v -0.768726 0.802219 -0.343223
v -0.769324 0.775615 -0.342566
v -0.602857 0.776476 -0.342235
v -0.602260 0.802235 -0.342869
v 0.590466 0.815399 -0.256602
v 0.756931 0.814728 -0.256577
v 0.590461 0.767846 -0.259203
v 0.756926 0.767749 -0.263118
v 0.590466 0.800842 -0.346517
v 0.590457 0.773227 -0.345141
v 0.756931 0.800849 -0.346327
v 0.756922 0.773338 -0.344861
v -0.767332 0.775801 -0.350832
v -0.767037 0.801684 -0.351384
v -0.603441 0.801743 -0.350205
v -0.602255 0.776480 -0.349243
v 0.756922 0.773024 -0.353061
v 0.756931 0.800683 -0.350755
v 0.590466 0.800693 -0.350486
v 0.590457 0.772937 -0.352833
v 0.374956 0.770820 0.346410
v 0.374972 0.765661 0.351601
v 0.005315 0.764652 0.351576
v 0.005291 0.769822 0.346366
v -0.364341 0.766431 0.349473
v -0.364373 0.771609 0.344233
v -0.842000 0.799920 0.496736
v -0.842000 0.793840 0.500539
v 0.603244 0.799696 0.490114
v 0.603240 0.794160 0.494573
v -0.842000 0.779244 0.496662
v -0.842000 0.774424 0.490016
v 0.603228 0.777819 0.491608
v 0.603224 0.772841 0.485155
v -0.666344 0.774424 0.490020
v -0.666344 0.779224 0.496657
v 0.769694 0.777820 0.491608
v 0.769690 0.772852 0.485141
v -0.364373 0.805410 0.342591
v -0.364343 0.810407 0.347348
v 0.769710 0.799696 0.490104
v 0.769706 0.794138 0.494568
v 0.005314 0.810175 0.349644
v 0.005291 0.805187 0.344857
v -0.666344 0.799920 0.496742
v -0.666344 0.793844 0.500540
v 0.374971 0.813731 0.349745
v 0.374956 0.808753 0.344939
v -0.363304 0.765611 0.512533
v -0.363339 0.760642 0.506260
v 0.006067 0.759213 0.508188
v 0.006093 0.764156 0.514484
v 0.375473 0.760545 0.508874
v 0.375490 0.765487 0.515170
v 0.375490 0.807854 0.522244
v 0.375474 0.813123 0.517714
v 0.006069 0.809930 0.516970
v 0.006093 0.804700 0.521452
v -0.363336 0.810508 0.514559
v -0.363304 0.805282 0.519079
v -0.842000 0.807495 0.513006
v -0.842000 0.812749 0.508417
v -0.842000 0.762387 0.500113
v -0.842000 0.767522 0.506467
v -0.842000 0.807052 0.342688
v -0.842000 0.812067 0.347427
v -0.666344 0.813139 0.347404
v -0.666344 0.808129 0.342647
v -0.666344 0.808424 0.514087
v -0.666344 0.813661 0.509529
v -0.842000 0.768461 0.349588
v -0.842000 0.773657 0.344336
v -0.666344 0.774302 0.344296
v -0.666344 0.769113 0.349535
v -0.666344 0.768204 0.507518
v -0.666344 0.763196 0.501205
v 0.769710 0.814664 0.347269
v 0.769710 0.809692 0.342488
v 0.769689 0.773648 0.344072
v 0.769695 0.768502 0.349289
v 0.769704 0.764010 0.497877
v 0.769705 0.768965 0.504336
v 0.769709 0.808541 0.510867
v 0.769710 0.813931 0.506214
v 0.603244 0.809172 0.343396
v 0.603244 0.814147 0.348202
v 0.603244 0.808140 0.515661
v 0.603244 0.813461 0.511072
v 0.603231 0.767291 0.350158
v 0.603225 0.772442 0.344941
v 0.603244 0.762522 0.502565
v 0.603244 0.767470 0.508918
v 0.755716 0.775271 0.164463
v 0.756219 0.770215 0.168774
v 0.376669 0.776349 0.165205
v 0.376669 0.771291 0.169460
v 0.007862 0.772400 0.169481
v 0.007862 0.777465 0.165245
v -0.360946 0.772860 0.172017
v -0.360946 0.777943 0.167722
v -0.664446 0.772505 0.169294
v -0.664355 0.777569 0.165000
v -0.664355 0.809344 0.169519
v -0.664450 0.814226 0.175222
v -0.360946 0.814633 0.177947
v -0.360946 0.809718 0.172242
v 0.007862 0.814144 0.175914
v 0.007862 0.809247 0.170150
v 0.376669 0.809309 0.170169
v 0.376669 0.814140 0.175914
v 0.756371 0.813027 0.174724
v 0.755716 0.808192 0.169037
v -0.360946 0.773372 0.340240
v -0.360946 0.768506 0.335144
v 0.007862 0.768265 0.337113
v 0.007862 0.773141 0.342226
v 0.376669 0.767465 0.337100
v 0.376669 0.772350 0.342213
v 0.376669 0.805378 0.342969
v 0.376669 0.810489 0.338085
v 0.007862 0.812673 0.338128
v 0.007862 0.807629 0.343014
v -0.360946 0.813523 0.336028
v -0.360946 0.808489 0.340930
v -0.836012 0.777060 0.164743
v -0.836285 0.771997 0.169037
v -0.842000 0.812207 0.335979
v -0.842000 0.807200 0.340881
v -0.842000 0.772062 0.340198
v -0.842000 0.767257 0.335105
v -0.666344 0.807651 0.340894
v -0.666344 0.812666 0.335992
v -0.666344 0.767886 0.335119
v -0.666344 0.772704 0.340213
v 0.600073 0.770661 0.169056
v 0.599934 0.775714 0.164767
v 0.769710 0.803963 0.340841
v 0.769710 0.809091 0.335941
v 0.603244 0.809673 0.336770
v 0.603244 0.804540 0.341669
v 0.603226 0.771896 0.340990
v 0.603232 0.767018 0.335876
v 1.067136 0.774831 0.167792
v 1.067083 0.769782 0.172089
v -0.836298 0.813714 0.174965
v -0.836012 0.808835 0.169262
v 0.769697 0.766712 0.335107
v 0.769692 0.771601 0.340204
v 0.600090 0.813492 0.175214
v 0.599934 0.808652 0.169502
v 1.067083 0.811598 0.178018
v 1.067136 0.806757 0.172318
v 1.062135 0.803347 0.340810
v 1.062014 0.808440 0.335908
v 1.062903 0.771481 0.340189
v 1.063024 0.766584 0.335093
v -1.008010 0.777466 0.161349
v -1.008010 0.772557 0.155589
v -1.008010 0.812388 0.166719
v -1.008010 0.817299 0.162479
v 0.752802 0.777872 0.000664
v 0.752802 0.772899 0.006237
v 0.391320 0.772033 0.007737
v 0.391320 0.777019 0.002167
v 0.029837 0.769816 0.007739
v 0.029837 0.774812 0.002159
v -0.331646 0.772038 0.007746
v -0.331646 0.777055 0.002146
v -0.693128 0.776885 0.006214
v -0.693128 0.781921 0.000607
v -0.693128 0.813511 -0.003262
v -0.693128 0.818509 0.001130
v -0.331646 0.814134 0.002670
v -0.331646 0.809139 -0.001730
v 0.029837 0.812477 0.002763
v 0.029837 0.807484 -0.001657
v 0.391320 0.815404 0.002763
v 0.391320 0.810417 -0.001667
v 0.752802 0.816935 0.001161
v 0.752802 0.811957 -0.003266
v -0.693128 0.774709 0.155589
v -0.693128 0.779579 0.161345
v -0.331646 0.770485 0.155589
v -0.331646 0.775374 0.161350
v 0.029837 0.768937 0.156255
v 0.029837 0.773843 0.162054
v 0.391320 0.771512 0.156250
v 0.391320 0.776430 0.162048
v 0.752802 0.772708 0.155589
v 0.752802 0.777643 0.161353
v 0.752802 0.812349 0.166715
v 0.752802 0.817279 0.162479
v 0.391320 0.816011 0.163453
v 0.391320 0.811094 0.167655
v 0.029837 0.813335 0.163453
v 0.029837 0.808426 0.167654
v -0.331646 0.815113 0.162479
v -0.331646 0.810202 0.166717
v -0.693128 0.814722 0.166723
v -0.693128 0.819630 0.162479
v 1.037264 0.811354 0.166715
v 1.037264 0.816293 0.162479
v 1.037264 0.771745 0.155589
v 1.037264 0.776683 0.161353
v 1.029792 0.776702 0.000651
v 1.029792 0.771723 0.006218
v 1.029792 0.811271 -0.003298
v 1.029792 0.816246 0.001135
v -1.000802 0.779507 0.000599
v -1.001028 0.774482 0.006215
v -1.001012 0.815593 0.001130
v -1.000802 0.810579 -0.003254
v 0.743118 0.771175 -0.157243
v 0.743118 0.776136 -0.162867
v 0.371951 0.776673 -0.171055
v 0.371951 0.771763 -0.165112
v 0.000784 0.773827 -0.171058
v 0.000784 0.768917 -0.165113
v -0.370383 0.768720 -0.160176
v -0.370383 0.773640 -0.166066
v -0.741549 0.769982 -0.163303
v -0.741549 0.774902 -0.169192
v -0.741549 0.811510 -0.175802
v -0.741549 0.816430 -0.171691
v -0.370383 0.815132 -0.168568
v -0.370383 0.810212 -0.172679
v 0.000784 0.810424 -0.178098
v 0.000784 0.815334 -0.174042
v 0.371951 0.818264 -0.174042
v 0.371951 0.813354 -0.178100
v 0.743118 0.817666 -0.163091
v 0.743118 0.812705 -0.167468
v -0.741549 0.774952 -0.000814
v -0.741549 0.769982 -0.005271
v -0.370383 0.773690 -0.000825
v -0.370383 0.768720 -0.005281
v 0.000784 0.768916 -0.007483
v 0.000784 0.773881 -0.003071
v 0.371951 0.776728 -0.003069
v 0.371951 0.771763 -0.007482
v 0.743118 0.771175 -0.005281
v 0.743118 0.776146 -0.000820
v 0.743118 0.812695 -0.004779
v 0.743118 0.817666 -0.010318
v 0.371951 0.818264 -0.012983
v 0.371951 0.813299 -0.007396
v 0.000784 0.810369 -0.007395
v 0.000784 0.815334 -0.012983
v -0.370383 0.810162 -0.004816
v -0.370383 0.815132 -0.010360
v -0.741549 0.816430 -0.010342
v -0.741549 0.811460 -0.004799
v 0.400033 0.770711 -0.345287
v 0.400033 0.765840 -0.340068
v 0.042907 0.770820 -0.340889
v 0.042907 0.765949 -0.335671
v -0.314219 0.765951 -0.335570
v -0.314219 0.770826 -0.340688
v -0.314219 0.809064 -0.341608
v -0.314219 0.814187 -0.336729
v 0.042907 0.814781 -0.337813
v 0.042907 0.809662 -0.342593
v 0.400033 0.808924 -0.346969
v 0.400033 0.814043 -0.342190
v 0.756931 0.807493 -0.346680
v 0.756931 0.812610 -0.341947
v -0.595919 0.769874 -0.177491
v -0.595637 0.774958 -0.173119
v -0.314219 0.769900 -0.176457
v -0.314219 0.774985 -0.172084
v 0.042907 0.774921 -0.174612
v 0.042907 0.769837 -0.178976
v 0.400033 0.769837 -0.178977
v 0.400033 0.774920 -0.174620
v 0.757159 0.775143 -0.166306
v 0.757147 0.770038 -0.170874
v 0.757159 0.816754 -0.174921
v 0.757159 0.811897 -0.169490
v 0.400033 0.813104 -0.179560
v 0.400033 0.817939 -0.185201
v 0.042907 0.813732 -0.179583
v 0.042907 0.818568 -0.185217
v -0.314219 0.813176 -0.176907
v -0.314219 0.818013 -0.182532
v -0.595911 0.819115 -0.183720
v -0.595638 0.814277 -0.178093
v -0.768726 0.810802 -0.343436
v -0.768726 0.815925 -0.338562
v -0.602260 0.815307 -0.338191
v -0.602260 0.810185 -0.343066
v -0.776014 0.814949 -0.178430
v -0.775712 0.819785 -0.184053
v -0.769024 0.765908 -0.337324
v -0.769179 0.770782 -0.342446
v -0.602687 0.770791 -0.342097
v -0.602542 0.765916 -0.336977
v -0.776014 0.774952 -0.173395
v -0.775786 0.769867 -0.177770
v 0.590466 0.808159 -0.346839
v 0.590466 0.813278 -0.342060
v 0.590460 0.765848 -0.339742
v 0.590458 0.770717 -0.345007
v 0.756923 0.770724 -0.344722
v 0.756926 0.765855 -0.339456
v 0.592056 0.775042 -0.170151
v 0.591967 0.769946 -0.174622
v 0.592056 0.812454 -0.174144
v 0.591959 0.817302 -0.179676
v -0.602703 0.794596 -0.506616
v -0.602552 0.789128 -0.512218
v 0.756932 0.794672 -0.511140
v 0.756930 0.789128 -0.516575
v -0.349902 0.799471 -0.526845
v -0.349902 0.805025 -0.521658
v 0.590466 0.794671 -0.511149
v 0.590464 0.789141 -0.516575
v 0.016145 0.804997 -0.518380
v 0.016145 0.799462 -0.523549
v -0.768712 0.794459 -0.509675
v -0.768856 0.788950 -0.515278
v 0.382191 0.803168 -0.521597
v 0.382191 0.797619 -0.526787
v -0.349902 0.766284 -0.352466
v -0.349902 0.771423 -0.347063
v 0.016145 0.766451 -0.353828
v 0.016145 0.771589 -0.348420
v 0.382191 0.771244 -0.352762
v 0.382191 0.766106 -0.358190
v 0.382191 0.803541 -0.349977
v 0.382191 0.808367 -0.354545
v 0.016145 0.805405 -0.345638
v 0.016145 0.810232 -0.350226
v -0.349902 0.810403 -0.348879
v -0.349902 0.805575 -0.344286
v -0.770434 0.808050 -0.357593
v -0.767875 0.803259 -0.351678
v -0.767906 0.774032 -0.351142
v -0.769490 0.768835 -0.357001
v -0.768768 0.798801 -0.522193
v -0.768817 0.804342 -0.516616
v -0.602070 0.797711 -0.525099
v -0.602182 0.803334 -0.519889
v -0.602797 0.804275 -0.350310
v -0.601545 0.809101 -0.355515
v -0.602891 0.765937 -0.355099
v -0.602612 0.771095 -0.349689
v 0.756931 0.798197 -0.526019
v 0.756932 0.803858 -0.520730
v 0.756926 0.765807 -0.358645
v 0.756923 0.770946 -0.353234
v 0.756931 0.804191 -0.350461
v 0.756931 0.809018 -0.355042
v 0.590464 0.797987 -0.526470
v 0.590465 0.803580 -0.521233
v 0.590466 0.808761 -0.354798
v 0.590466 0.803934 -0.350216
v 0.590458 0.771074 -0.352994
v 0.590460 0.765937 -0.358421
v 0.382191 0.766073 -0.525771
v 0.382191 0.761064 -0.520186
v 0.016145 0.761375 -0.516881
v 0.016145 0.766369 -0.522450
v -0.349902 0.766055 -0.525770
v -0.349902 0.761063 -0.520195
v 0.756924 0.772121 -0.516575
v 0.756922 0.766979 -0.510935
v -0.602370 0.781521 -0.512564
v -0.602233 0.775823 -0.507427
v 0.590456 0.766975 -0.510947
v 0.590458 0.772110 -0.516575
v -0.769148 0.771137 -0.516129
v -0.769180 0.765781 -0.510972
v -0.768807 0.765936 -0.523208
v -0.768836 0.760625 -0.517987
v -0.601199 0.760211 -0.518329
v -0.601270 0.765189 -0.523962
v 0.756927 0.760806 -0.519279
v 0.756928 0.765876 -0.525014
v 0.590461 0.765951 -0.525458
v 0.590460 0.760913 -0.519821
v -1.068731 0.776152 0.254798
v -1.062031 0.769648 0.255230
v -1.062030 0.811449 0.256050
v -1.068731 0.804919 0.255358
v 1.096036 0.768992 0.210361
v 1.101313 0.775350 0.217573
v 1.101313 0.804116 0.218132
v 1.096016 0.810773 0.211951
v 1.101998 0.774746 0.248625
v 1.095743 0.768325 0.244222
v 1.102702 0.766985 0.313112
v 1.109226 0.773569 0.309163
v 1.096199 0.774452 0.263760
v 1.089716 0.767977 0.262178
v 1.095963 0.774157 0.278894
v 1.089536 0.767755 0.273742
v 1.093412 0.767253 0.299526
v 1.098217 0.773863 0.294028
v 1.102696 0.808761 0.313883
v 1.109226 0.802336 0.309722
v 1.095685 0.810097 0.245161
v 1.101998 0.803513 0.249184
v 1.093362 0.809041 0.300238
v 1.098217 0.802630 0.294588
v 1.095963 0.802924 0.279454
v 1.089532 0.809540 0.274757
v 1.096199 0.803218 0.264320
v 1.089716 0.809749 0.262990
v -1.083387 0.771981 0.078059
v -1.089890 0.778229 0.081805
v -1.083385 0.816456 0.078033
v -1.089890 0.810024 0.081805
v 1.057755 0.816180 0.093002
v 1.073266 0.808521 0.089766
v 1.057755 0.771545 0.093002
v 1.073266 0.779254 0.089766
v -1.029624 0.772359 0.139599
v -1.035952 0.778775 0.141308
v -1.064096 0.772076 0.089223
v -1.068060 0.778431 0.094441
v -1.046583 0.778554 0.115321
v -1.041074 0.772209 0.111605
v -1.064234 0.816755 0.089117
v -1.068060 0.810320 0.094441
v -1.029562 0.817306 0.139751
v -1.035952 0.810686 0.141308
v -1.046583 0.810594 0.115321
v -1.041056 0.817098 0.111650
v 1.056341 0.771506 0.012222
v 1.064877 0.779659 0.011797
v 1.048118 0.771484 0.074055
v 1.054791 0.778007 0.071501
v 1.046558 0.771476 0.042090
v 1.053045 0.779715 0.043088
v 1.048163 0.816184 0.074100
v 1.054791 0.808652 0.071501
v 1.057338 0.816151 0.009600
v 1.065702 0.807113 0.011162
v 1.045983 0.816178 0.042032
v 1.052644 0.807950 0.042901
v -1.102198 0.765981 0.491873
v -1.092839 0.759243 0.500187
v -1.099717 0.766471 0.502751
v -1.092786 0.764354 0.506527
v -1.099715 0.802500 0.508696
v -1.092786 0.803837 0.513042
v -1.102180 0.802375 0.498984
v -1.092836 0.809068 0.508474
v -1.103891 0.773541 0.350664
v -1.093497 0.770793 0.344385
v -1.102474 0.771242 0.364062
v -1.094321 0.765534 0.349650
v -1.093497 0.803184 0.342722
v -1.103895 0.800537 0.349275
v -1.102458 0.801664 0.362638
v -1.094324 0.808132 0.347461
v 1.040835 0.774823 0.491790
v 1.034593 0.771762 0.496779
v 1.046038 0.775504 0.485212
v 1.035107 0.766802 0.490330
v 1.045870 0.808314 0.492679
v 1.035068 0.816739 0.498666
v 1.040815 0.809248 0.497814
v 1.034593 0.811360 0.503314
v 1.056822 0.778606 0.360951
v 1.048034 0.770777 0.349574
v 1.053837 0.778446 0.349727
v 1.048493 0.775913 0.344357
v 1.053207 0.810340 0.348254
v 1.046885 0.812616 0.342742
v 1.056905 0.809599 0.359353
v 1.046455 0.817584 0.347522
v -1.044902 0.773203 0.327293
v -1.035760 0.766405 0.335089
v -1.041174 0.774125 0.334545
v -1.034114 0.771201 0.340182
v -1.041174 0.803994 0.335126
v -1.034114 0.806726 0.340872
v -1.044901 0.805161 0.327921
v -1.035760 0.811709 0.335969
v -1.067549 0.777399 0.167932
v -1.064194 0.776384 0.164401
v -1.070680 0.777765 0.171740
v -1.064066 0.771336 0.168696
v -1.070643 0.806440 0.176950
v -1.064059 0.813013 0.174624
v -1.067544 0.806416 0.172059
v -1.064194 0.808158 0.168921
v 1.112969 0.774301 0.333809
v 1.106806 0.771463 0.340187
v 1.111748 0.773246 0.325755
v 1.106044 0.766562 0.335090
v 1.111748 0.802013 0.326315
v 1.106044 0.808347 0.335904
v 1.112969 0.800646 0.334322
v 1.106806 0.803251 0.340805
v 1.111344 0.776164 0.175514
v 1.104822 0.769728 0.172502
v 1.108582 0.775704 0.171245
v 1.106178 0.774775 0.168221
v 1.108503 0.805032 0.175392
v 1.106178 0.806572 0.172741
v 1.110829 0.804850 0.180625
v 1.104670 0.811425 0.178428
v -1.034687 0.778824 0.153200
v -1.027767 0.772386 0.155589
v -1.030058 0.778646 0.158979
v -1.027189 0.777337 0.161349
v -1.029979 0.811449 0.164017
v -1.027189 0.812245 0.166719
v -1.034311 0.810650 0.159493
v -1.027617 0.817186 0.162479
v -1.087281 0.780743 0.004284
v -1.083385 0.778859 0.000597
v -1.089890 0.780152 0.008798
v -1.083385 0.773770 0.006213
v -1.089890 0.808359 0.004160
v -1.083385 0.814857 0.001129
v -1.087281 0.808518 0.000828
v -1.083385 0.809792 -0.003252
v 1.073266 0.780984 0.155292
v 1.063554 0.776581 0.161353
v 1.073266 0.779301 0.148015
v 1.063554 0.771637 0.155589
v 1.073266 0.808510 0.153810
v 1.063554 0.816190 0.162479
v 1.073266 0.808139 0.159829
v 1.063554 0.811248 0.166715
v 1.066247 0.779308 0.007648
v 1.058358 0.771592 0.006216
v 1.067213 0.779999 0.005328
v 1.061151 0.776570 0.000649
v 1.066803 0.808508 0.002304
v 1.061156 0.811193 -0.003301
v 1.066280 0.809646 0.003470
v 1.059718 0.816164 0.001132
v -1.112716 0.776822 -0.010859
v -1.106211 0.770294 -0.005271
v -1.109335 0.776315 -0.004070
v -1.106211 0.775265 -0.000814
v -1.109335 0.810261 -0.007775
v -1.106211 0.811786 -0.004799
v -1.112716 0.807632 -0.015570
v -1.106211 0.816756 -0.010342
v -1.110524 0.777118 -0.164061
v -1.106211 0.775215 -0.169191
v -1.112716 0.778975 -0.154963
v -1.106211 0.770294 -0.163303
v -1.112716 0.808087 -0.158759
v -1.106211 0.816756 -0.171691
v -1.110524 0.810835 -0.170148
v -1.106211 0.811836 -0.175803
v 1.083494 0.779222 -0.007695
v 1.070983 0.775308 -0.000814
v 1.088705 0.776804 -0.017853
v 1.071805 0.770338 -0.005271
v 1.088856 0.810258 -0.022684
v 1.071793 0.816801 -0.010341
v 1.083476 0.806862 -0.010716
v 1.070984 0.811831 -0.004798
v 1.111321 0.776802 -0.151936
v 1.097862 0.770336 -0.163035
v 1.109431 0.780421 -0.163615
v 1.098690 0.775259 -0.168926
v 1.109450 0.808243 -0.168635
v 1.098689 0.811878 -0.175452
v 1.111610 0.810260 -0.159425
v 1.097873 0.816800 -0.171310
v -1.028468 0.776078 -0.189697
v -1.021966 0.769867 -0.177773
v -1.028471 0.777014 -0.180202
v -1.021966 0.774953 -0.173391
v -1.028471 0.812563 -0.184619
v -1.021966 0.815831 -0.178472
v -1.028468 0.813913 -0.195044
v -1.021966 0.820669 -0.184088
v -1.028481 0.773636 -0.336040
v -1.021931 0.770781 -0.342475
v -1.028428 0.772724 -0.324851
v -1.021966 0.765907 -0.337353
v -1.028482 0.809191 -0.336922
v -1.021931 0.811694 -0.343490
v -1.028428 0.810661 -0.326088
v -1.021966 0.816834 -0.338616
v 1.051809 0.778060 -0.180545
v 1.046472 0.774949 -0.173411
v 1.052976 0.776120 -0.188016
v 1.046472 0.769868 -0.177758
v 1.052976 0.810960 -0.193424
v 1.046472 0.817674 -0.184051
v 1.051809 0.808441 -0.184575
v 1.046472 0.812841 -0.178399
v 1.052976 0.772264 -0.341123
v 1.046472 0.765698 -0.345783
v 1.050027 0.772131 -0.347467
v 1.046472 0.770572 -0.350910
v 1.050027 0.807137 -0.348343
v 1.046472 0.808509 -0.351871
v 1.052976 0.807218 -0.341986
v 1.046472 0.813631 -0.346998
v -1.090111 0.771335 -0.364403
v -1.083497 0.765038 -0.353102
v -1.090170 0.772630 -0.354619
v -1.083629 0.770095 -0.348144
v -1.090812 0.800158 -0.354954
v -1.084367 0.802960 -0.348547
v -1.090828 0.801057 -0.364628
v -1.084477 0.807836 -0.353625
v -1.090671 0.797513 -0.510577
v -1.084413 0.803866 -0.517107
v -1.090594 0.795538 -0.516264
v -1.084201 0.798336 -0.522674
v 1.110968 0.776716 -0.358344
v 1.104768 0.770854 -0.355283
v 1.114392 0.772044 -0.363534
v 1.103178 0.765716 -0.360735
v 1.104767 0.802527 -0.352542
v 1.110984 0.797242 -0.356571
v 1.114559 0.800831 -0.359982
v 1.103195 0.807329 -0.357134
v 1.090146 0.794956 -0.511935
v 1.082595 0.796843 -0.518105
v 1.095155 0.796286 -0.502064
v 1.083289 0.802485 -0.512809
v -1.089669 0.771109 -0.517042
v -1.083041 0.768557 -0.523621
v -1.089630 0.769681 -0.511820
v -1.082846 0.763056 -0.518413
v 1.095173 0.767838 -0.501471
v 1.083324 0.761024 -0.511466
v 1.090164 0.768335 -0.511145
v 1.082595 0.766084 -0.517190
v -0.835772 0.770253 0.279129
v -0.672572 0.770253 0.279129
v -0.835772 0.809200 0.280408
v -0.672572 0.809200 0.280408
v -0.823540 0.770253 0.279129
v -0.684805 0.770253 0.279129
v -0.684805 0.809200 0.280408
v -0.823540 0.809200 0.280408
v -0.835772 0.768415 0.277240
v -0.684805 0.768415 0.277240
v -0.672572 0.768415 0.277240
v -0.672572 0.811089 0.278570
v -0.823540 0.811089 0.278570
v -0.835772 0.811089 0.278570
v -0.823540 0.768415 0.277240
v -0.684805 0.811089 0.278570
v -0.835772 0.770032 0.340797
v -0.672572 0.810245 0.340797
v -0.835772 0.810245 0.340797
v -0.672572 0.770032 0.340797
v -0.823540 0.770032 0.340797
v -0.684805 0.770032 0.340797
v -0.823540 0.810245 0.340797
v -0.684805 0.810245 0.340797
v -0.835772 0.768108 0.340797
v -0.672572 0.812030 0.340797
v -0.835772 0.812030 0.340797
v -0.672572 0.768108 0.340797
v -0.823540 0.768108 0.340797
v -0.684805 0.768108 0.340797
v -0.823540 0.812030 0.340797
v -0.684805 0.812030 0.340797
v -0.835772 0.803577 0.515069
v -0.835772 0.811020 0.512948
v -0.835772 0.764661 0.503234
v -0.835772 0.772518 0.509709
v -0.672572 0.772518 0.509709
v -0.672572 0.764661 0.503234
v -0.672572 0.811020 0.512948
v -0.672572 0.803577 0.515069
v -0.684805 0.764658 0.503293
v -0.684805 0.772412 0.509688
v -0.823540 0.764658 0.503293
v -0.823540 0.772412 0.509688
v -0.684805 0.811021 0.513180
v -0.684805 0.803684 0.515090
v -0.823540 0.811021 0.513180
v -0.823540 0.803684 0.515090
v -0.835772 0.770263 0.511164
v -0.835772 0.762480 0.504730
v -0.672572 0.812505 0.515316
v -0.672572 0.805111 0.517271
v -0.835772 0.812505 0.515316
v -0.835772 0.805111 0.517271
v -0.672572 0.762480 0.504730
v -0.672572 0.770263 0.511164
v -0.823540 0.770243 0.511160
v -0.823540 0.762480 0.504744
v -0.823540 0.805132 0.517275
v -0.823540 0.812505 0.515346
v -0.684805 0.762480 0.504744
v -0.684805 0.770243 0.511160
v -0.684805 0.805132 0.517275
v -0.684805 0.812505 0.515346
v 0.606563 0.769422 0.288694
v 0.766396 0.769422 0.309838
v 0.606563 0.811882 0.279670
v 0.766396 0.811882 0.279670
v 0.618733 0.769422 0.290945
v 0.754226 0.769422 0.307587
v 0.754226 0.811882 0.279670
v 0.618733 0.811882 0.279670
v 0.606672 0.767645 0.287516
v 0.754329 0.767600 0.306479
v 0.766482 0.767500 0.308912
v 0.766569 0.812903 0.277803
v 0.618902 0.812971 0.277842
v 0.606732 0.812971 0.277842
v 0.618825 0.767534 0.289953
v 0.754399 0.812903 0.277803
v 0.606563 0.768286 0.341978
v 0.766396 0.812180 0.341978
v 0.606563 0.812180 0.341978
v 0.766396 0.768286 0.341978
v 0.618733 0.768286 0.341978
v 0.754226 0.768286 0.341978
v 0.618733 0.812180 0.341978
v 0.754226 0.812180 0.341978
v 0.606618 0.766511 0.341978
v 0.766483 0.813284 0.341978
v 0.606648 0.813318 0.341978
v 0.766439 0.766438 0.341978
v 0.618779 0.766455 0.341978
v 0.754277 0.766488 0.341978
v 0.618818 0.813318 0.341978
v 0.754312 0.813284 0.341978
v 0.606563 0.804993 0.513041
v 0.606563 0.813358 0.506369
v 0.606563 0.767986 0.495545
v 0.606563 0.771989 0.505341
v 0.766396 0.771989 0.505341
v 0.766396 0.767986 0.495542
v 0.766396 0.813358 0.506369
v 0.766396 0.804993 0.513041
v 0.754226 0.767986 0.495589
v 0.754226 0.771892 0.505321
v 0.618733 0.767986 0.495589
v 0.618733 0.771892 0.505321
v 0.754226 0.805090 0.513061
v 0.754226 0.813358 0.506578
v 0.618733 0.805090 0.513061
v 0.618733 0.813358 0.506578
v 0.606563 0.770154 0.506516
v 0.606566 0.766211 0.496758
v 0.766400 0.814542 0.508279
v 0.766396 0.806240 0.514827
v 0.606567 0.814543 0.508281
v 0.606563 0.806240 0.514827
v 0.766396 0.770154 0.506516
v 0.766398 0.766208 0.496758
v 0.618733 0.770135 0.506512
v 0.618735 0.766209 0.496770
v 0.618737 0.814543 0.508308
v 0.618733 0.806260 0.514831
v 0.754226 0.770135 0.506512
v 0.754228 0.766210 0.496769
v 0.754230 0.814542 0.508306
v 0.754226 0.806260 0.514831
v 0.753703 0.769160 -0.266934
v 0.593867 0.769160 -0.263633
v 0.753713 0.814959 -0.260118
v 0.593880 0.814959 -0.260050
v 0.741652 0.769160 -0.265834
v 0.606044 0.769160 -0.264734
v 0.606074 0.814959 -0.260073
v 0.741680 0.814959 -0.260095
v 0.753773 0.767358 -0.265442
v 0.606115 0.767397 -0.263195
v 0.593940 0.767458 -0.262027
v 0.593948 0.816532 -0.258317
v 0.741750 0.816488 -0.258324
v 0.753783 0.816489 -0.258348
v 0.741724 0.767419 -0.264271
v 0.606142 0.816533 -0.258341
v 0.741634 0.814545 -0.355400
v 0.606027 0.814574 -0.355403
v 0.605985 0.812972 -0.355896
v 0.741590 0.812972 -0.355919
v 0.593887 0.814573 -0.355374
v 0.593845 0.812973 -0.355850
v 0.753722 0.814545 -0.355419
v 0.753678 0.812973 -0.355918
v 0.753615 0.798016 -0.527595
v 0.753617 0.804692 -0.520909
v 0.753617 0.758035 -0.520674
v 0.753615 0.765071 -0.527450
v 0.593782 0.765072 -0.527381
v 0.593784 0.758033 -0.520609
v 0.593784 0.804692 -0.520842
v 0.593782 0.798015 -0.527527
v 0.605829 0.758028 -0.520729
v 0.605824 0.764991 -0.527404
v 0.741435 0.758029 -0.520752
v 0.741430 0.764991 -0.527427
v 0.605824 0.798096 -0.527549
v 0.605830 0.804688 -0.520930
v 0.741430 0.798096 -0.527572
v 0.741435 0.804688 -0.520952
v 0.753622 0.763366 -0.529105
v 0.753627 0.756369 -0.522399
v 0.593783 0.806341 -0.522531
v 0.593781 0.799721 -0.529181
v 0.753616 0.806338 -0.522600
v 0.753614 0.799719 -0.529252
v 0.593789 0.763365 -0.529036
v 0.593794 0.756368 -0.522330
v 0.741437 0.763349 -0.529081
v 0.741445 0.756367 -0.522393
v 0.741434 0.806338 -0.522590
v 0.741429 0.799736 -0.529227
v 0.605831 0.763351 -0.529060
v 0.605840 0.756367 -0.522372
v 0.605829 0.806338 -0.522569
v 0.605823 0.799735 -0.529206
v -0.606632 0.769288 -0.303898
v -0.763624 0.769288 -0.330791
v -0.606622 0.814369 -0.306028
v -0.763611 0.814369 -0.305307
v -0.618696 0.769288 -0.303205
v -0.751436 0.769288 -0.328029
v -0.751407 0.814369 -0.305330
v -0.618669 0.814369 -0.306005
v -0.607559 0.767616 -0.301369
v -0.752217 0.767096 -0.325876
v -0.764100 0.766421 -0.329526
v -0.764488 0.816179 -0.302857
v -0.619422 0.816626 -0.303911
v -0.607375 0.816626 -0.303934
v -0.619350 0.766706 -0.301486
v -0.752284 0.816182 -0.302882
v -0.606649 0.769372 -0.347074
v -0.763630 0.814651 -0.347074
v -0.606641 0.814651 -0.347074
v -0.763640 0.769372 -0.347074
v -0.618739 0.769372 -0.347074
v -0.751479 0.769372 -0.347074
v -0.618717 0.814651 -0.347074
v -0.751455 0.814651 -0.347074
v -0.607400 0.767588 -0.347074
v -0.764336 0.816545 -0.347074
v -0.607247 0.816905 -0.347074
v -0.764028 0.766627 -0.347074
v -0.619270 0.766856 -0.347074
v -0.752111 0.767170 -0.347074
v -0.619323 0.816904 -0.347074
v -0.752161 0.816547 -0.347074
v -0.606718 0.798217 -0.523035
v -0.606715 0.806068 -0.517836
v -0.606716 0.760934 -0.517969
v -0.606718 0.767699 -0.523035
v -0.763707 0.767700 -0.522967
v -0.763705 0.760936 -0.517854
v -0.763704 0.806068 -0.517770
v -0.763707 0.798218 -0.522967
v -0.751645 0.760929 -0.518009
v -0.751652 0.767607 -0.522990
v -0.618914 0.767606 -0.523012
v -0.618907 0.760929 -0.518031
v -0.751644 0.806065 -0.517868
v -0.751652 0.798310 -0.522990
v -0.618906 0.806065 -0.517890
v -0.618914 0.798310 -0.523012
v -0.606776 0.758703 -0.520268
v -0.606746 0.765400 -0.525276
v -0.763715 0.800515 -0.525208
v -0.763736 0.808289 -0.520041
v -0.606726 0.800516 -0.525276
v -0.606743 0.808303 -0.520120
v -0.763730 0.765400 -0.525207
v -0.763745 0.758664 -0.520190
v -0.618959 0.758673 -0.520265
v -0.618942 0.765382 -0.525253
v -0.618922 0.800534 -0.525253
v -0.618934 0.808302 -0.520113
v -0.751674 0.765382 -0.525230
v -0.751694 0.758685 -0.520233
v -0.751659 0.800534 -0.525231
v -0.751676 0.808289 -0.520079
v 0.462305 -0.005792 -0.110384
v 0.462305 0.006208 -0.122384
v 0.462305 0.108459 -0.122384
v 0.462305 0.120459 -0.110384
v 0.000492 0.104685 -0.122384
v 0.000492 0.116685 -0.110384
v 0.462305 0.006208 0.122418
v 0.462305 -0.005792 0.110418
v 0.462305 0.120459 0.110418
v 0.462305 0.108459 0.122418
v 0.000492 0.116685 0.110418
v 0.000492 0.104685 0.122418
v 0.000492 -0.009566 -0.110384
v 0.000492 0.002434 -0.122384
v 0.000492 0.002434 0.122418
v 0.000492 -0.009566 0.110418
v -0.461321 -0.005792 -0.110384
v -0.461321 0.006208 -0.122384
v -0.461321 0.108459 -0.122384
v -0.461321 0.120459 -0.110384
v -0.461321 0.006208 0.122418
v -0.461321 -0.005792 0.110418
v -0.461321 0.120459 0.110418
v -0.461321 0.108459 0.122418
v 0.841159 0.011673 -0.138783
v 0.853159 -0.000634 -0.138783
v 0.853159 0.113219 -0.138783
v 0.841159 0.101021 -0.138783
v 0.931808 -0.000634 -0.138783
v 0.943808 0.011673 -0.138783
v 0.943808 0.101031 -0.138783
v 0.931808 0.113219 -0.138783
v 0.841159 0.015931 -0.126030
v 0.853159 0.003611 -0.126030
v 0.853159 0.113219 -0.126030
v 0.841159 0.101029 -0.126030
v 0.931808 0.003611 -0.126030
v 0.943808 0.015931 -0.126030
v 0.943808 0.101038 -0.126030
v 0.931808 0.113219 -0.126030
v 0.837015 0.581301 -0.130944
v 0.849015 0.569301 -0.130944
v 0.849015 0.673359 -0.130944
v 0.837015 0.661359 -0.130944
v 0.929073 0.569301 -0.130944
v 0.941073 0.581301 -0.130944
v 0.941073 0.661359 -0.130944
v 0.929073 0.673359 -0.130944
v 0.438733 0.617473 -0.081326
v 0.438733 0.605473 -0.069326
v 0.438733 0.679608 -0.081326
v 0.438733 0.691608 -0.069326
v -0.000278 0.679608 -0.081326
v -0.000278 0.691608 -0.069326
v 0.438733 0.617473 0.081360
v 0.436557 0.605473 0.069360
v 0.438733 0.679608 0.081360
v 0.438733 0.691608 0.069360
v -0.000278 0.691608 0.069360
v -0.000278 0.679608 0.081360
v -0.000278 0.617473 0.081360
v -0.000278 0.605473 0.069360
v -0.000278 0.605473 -0.069326
v -0.000278 0.617473 -0.081326
v -0.439289 0.605473 -0.069326
v -0.439289 0.617473 -0.081326
v -0.439290 0.679608 -0.081326
v -0.439290 0.691608 -0.069326
v -0.439290 0.605473 0.069360
v -0.439290 0.617473 0.081360
v -0.439289 0.691608 0.069360
v -0.439289 0.679608 0.081360
v 1.064569 0.014756 0.112419
v 1.055381 0.010781 0.122418
v 1.066448 0.008494 0.106143
v 1.058982 -0.001193 0.110418
v 1.035572 0.115522 0.106187
v 1.022568 0.125047 0.110418
v 1.037295 0.109305 0.112419
v 1.025878 0.113074 0.122418
v 1.068920 0.008492 -0.106153
v 1.061561 -0.001192 -0.110384
v 1.067195 0.014710 -0.112385
v 1.058231 0.010782 -0.122384
v 1.039856 0.109264 -0.112385
v 1.028649 0.113076 -0.122384
v 1.037974 0.115524 -0.106109
v 1.025059 0.125048 -0.110384
v 0.857740 0.008554 -0.345328
v 0.853159 -0.000634 -0.338992
v 0.851150 0.015307 -0.342113
v 0.841159 0.011661 -0.333158
v 0.851150 0.048684 -0.327761
v 0.841159 0.054738 -0.314713
v 0.857836 0.056353 -0.324780
v 0.853158 0.068467 -0.309449
v 0.933817 0.015052 -0.346132
v 0.943808 0.011661 -0.337995
v 0.927476 0.008554 -0.348626
v 0.931808 -0.000634 -0.342708
v 0.926910 0.056353 -0.328046
v 0.931809 0.068413 -0.313152
v 0.933817 0.048464 -0.331765
v 0.943808 0.054719 -0.319534
v 0.853157 0.579301 -0.185968
v 0.849015 0.569301 -0.175968
v 0.847015 0.585443 -0.185968
v 0.837015 0.581301 -0.175968
v 0.847015 0.657217 -0.185968
v 0.837015 0.661359 -0.175968
v 0.853157 0.663359 -0.185968
v 0.849015 0.673359 -0.175968
v 0.931073 0.585443 -0.185968
v 0.941073 0.581301 -0.175968
v 0.924931 0.579301 -0.185968
v 0.929073 0.569301 -0.175968
v 0.924931 0.663359 -0.185968
v 0.929073 0.673359 -0.175968
v 0.931073 0.657217 -0.185968
v 0.941073 0.661359 -0.175968
v 1.077142 0.613744 0.071360
v 1.067142 0.609726 0.081360
v 1.077142 0.607602 0.065218
v 1.064966 0.597725 0.069360
v 1.077142 0.673737 0.065218
v 1.067142 0.683860 0.069360
v 1.077142 0.667595 0.071360
v 1.067142 0.671860 0.081360
v 1.077142 0.607602 -0.065184
v 1.067142 0.597725 -0.069326
v 1.077142 0.613744 -0.071326
v 1.067142 0.609726 -0.081326
v 1.077142 0.667595 -0.071326
v 1.067142 0.671860 -0.081326
v 1.077142 0.673737 -0.065184
v 1.067142 0.683860 -0.069326
v -1.077699 0.607602 0.065218
v -1.067699 0.597725 0.069360
v -1.077699 0.613744 0.071360
v -1.067699 0.609726 0.081360
v -1.077699 0.667595 0.071360
v -1.067699 0.671860 0.081360
v -1.077699 0.673737 0.065218
v -1.067699 0.683860 0.069360
v -1.077699 0.613744 -0.071326
v -1.067699 0.609726 -0.081326
v -1.077699 0.607602 -0.065184
v -1.067699 0.597725 -0.069326
v -1.077699 0.673737 -0.065184
v -1.067699 0.683860 -0.069326
v -1.077699 0.667595 -0.071326
v -1.067699 0.671860 -0.081326
v -1.065464 0.008494 0.106143
v -1.057998 -0.001193 0.110418
v -1.063585 0.014756 0.112419
v -1.054397 0.010781 0.122418
v -1.036311 0.109305 0.112419
v -1.024894 0.113074 0.122418
v -1.034588 0.115522 0.106187
v -1.021584 0.125047 0.110418
v -1.066211 0.014710 -0.112385
v -1.057247 0.010782 -0.122384
v -1.067937 0.008492 -0.106153
v -1.060577 -0.001192 -0.110384
v -1.036990 0.115524 -0.106109
v -1.024075 0.125048 -0.110384
v -1.038872 0.109264 -0.112385
v -1.027665 0.113076 -0.122384
v 0.824501 0.198852 0.127777
v 0.836501 0.198852 0.139786
v 0.837008 0.386687 0.138076
v 0.825008 0.386687 0.126068
v 0.832139 0.574522 0.149151
v 0.820139 0.574522 0.137142
v 0.830463 -0.004176 0.154544
v 0.818463 -0.004176 0.142534
v 0.818463 0.762357 0.140129
v 0.830463 0.762357 0.152138
v 0.818463 -0.004176 -0.139818
v 0.830463 -0.004176 -0.151829
v 0.830463 0.762357 -0.152104
v 0.818463 0.762357 -0.140096
v 0.959624 -0.004176 0.142534
v 0.947624 -0.004176 0.154544
v 0.947624 0.762357 0.152138
v 0.959624 0.762357 0.140129
v 0.947624 -0.004176 -0.151829
v 0.959624 -0.004176 -0.139818
v 0.959624 0.762357 -0.140096
v 0.947624 0.762357 -0.152104
v 0.823875 0.198852 -0.126675
v 0.835875 0.198852 -0.138685
v 0.836292 0.386687 -0.141261
v 0.824292 0.386687 -0.129252
v 0.822255 0.574522 -0.136610
v 0.834255 0.574522 -0.148618
v 0.947624 0.574522 -0.148671
v 0.959624 0.574522 -0.136662
v 0.952238 0.386687 -0.126077
v 0.940238 0.386687 -0.138086
v 0.951585 0.198852 -0.127628
v 0.939585 0.198852 -0.139638
v 0.939612 0.198852 0.140866
v 0.951612 0.198852 0.128857
v 0.951209 0.386687 0.120386
v 0.939209 0.386687 0.132395
v 0.945084 0.574522 0.147181
v 0.957084 0.574522 0.135172
v 0.856543 -0.000634 0.144249
v 0.844543 0.011673 0.144249
v 0.844543 0.099617 0.144249
v 0.856543 0.111729 0.144249
v 0.944045 0.011673 0.144249
v 0.932045 -0.000634 0.144249
v 0.932045 0.111729 0.144249
v 0.944045 0.099609 0.144249
v 0.856543 0.003611 0.131496
v 0.844543 0.015931 0.131496
v 0.844543 0.099621 0.131496
v 0.856543 0.111729 0.131496
v 0.944045 0.015931 0.131496
v 0.932045 0.003611 0.131496
v 0.932045 0.111729 0.131496
v 0.944045 0.099614 0.131496
v 0.849015 0.569301 0.130978
v 0.837015 0.581301 0.130978
v 0.837015 0.661359 0.130978
v 0.849015 0.673359 0.130978
v 0.941073 0.581301 0.130978
v 0.929073 0.569301 0.130978
v 0.929073 0.673359 0.130978
v 0.941073 0.661359 0.130978
v 0.961556 0.677359 0.195350
v 0.949556 0.689359 0.195350
v 0.949556 0.689359 -0.195316
v 0.961556 0.677359 -0.195316
v 0.949556 0.689359 0.000017
v 0.961556 0.677359 0.000017
v 0.961556 0.767998 -0.195316
v 0.949556 0.755998 -0.195316
v 0.949556 0.755998 0.195350
v 0.961556 0.767998 0.195350
v 0.949556 0.755998 0.000017
v 0.961556 0.767998 0.000017
v 1.040195 0.689359 -0.195316
v 1.028195 0.677359 -0.195316
v 1.028195 0.677359 0.195350
v 1.040195 0.689359 0.195350
v 1.040195 0.689359 0.000017
v 1.028195 0.677359 0.000017
v 1.040195 0.755998 0.195350
v 1.028195 0.767998 0.195350
v 1.028195 0.767998 -0.195316
v 1.040195 0.755998 -0.195316
v 1.040195 0.755998 0.000017
v 1.028195 0.767998 0.000017
v 0.854524 0.014786 0.367782
v 0.844543 0.011661 0.359779
v 0.860874 0.008279 0.370656
v 0.856543 -0.000634 0.365216
v 0.861548 0.064848 0.341762
v 0.856542 0.075983 0.326255
v 0.854524 0.056969 0.346270
v 0.844543 0.062530 0.333880
v 0.927299 0.008279 0.366019
v 0.932045 -0.000634 0.359946
v 0.934064 0.015211 0.362012
v 0.944045 0.011661 0.352849
v 0.934064 0.057358 0.340519
v 0.944045 0.062546 0.326973
v 0.927418 0.064848 0.337163
v 0.932046 0.076042 0.320999
v 0.847015 0.585443 0.186002
v 0.837015 0.581301 0.176002
v 0.853157 0.579301 0.186002
v 0.849015 0.569301 0.176002
v 0.853157 0.663359 0.186002
v 0.849015 0.673359 0.176002
v 0.847015 0.657217 0.186002
v 0.837015 0.661359 0.176002
v 0.924931 0.579301 0.186002
v 0.929073 0.569301 0.176002
v 0.931073 0.585443 0.186002
v 0.941073 0.581301 0.176002
v 0.931073 0.657217 0.186002
v 0.941073 0.661359 0.176002
v 0.924931 0.663359 0.186002
v 0.929073 0.673359 0.176002
v 0.959556 0.691249 0.385547
v 0.949556 0.687462 0.374291
v 0.965799 0.685024 0.383818
v 0.961556 0.675497 0.370974
v 0.965800 0.756393 0.403643
v 0.961556 0.766123 0.396148
v 0.959556 0.750165 0.401913
v 0.949556 0.754154 0.392817
v 0.965799 0.685024 -0.383784
v 0.961556 0.675497 -0.370941
v 0.959556 0.691249 -0.385513
v 0.949556 0.687462 -0.374257
v 0.959556 0.750165 -0.401879
v 0.949556 0.754154 -0.392783
v 0.965800 0.756393 -0.403609
v 0.961556 0.766123 -0.396114
v 1.023952 0.685024 0.383818
v 1.028195 0.675497 0.370974
v 1.030195 0.691249 0.385547
v 1.040195 0.687462 0.374291
v 1.030195 0.750165 0.401913
v 1.040195 0.754154 0.392817
v 1.023951 0.756393 0.403643
v 1.028195 0.766123 0.396148
v 1.030195 0.691249 -0.385513
v 1.040195 0.687462 -0.374257
v 1.023952 0.685024 -0.383784
v 1.028195 0.675497 -0.370941
v 1.023951 0.756393 -0.403609
v 1.028195 0.766123 -0.396114
v 1.030195 0.750165 -0.401879
v 1.040195 0.754154 -0.392783
v -0.824501 0.198852 0.127777
v -0.836501 0.198852 0.139786
v -0.837008 0.386687 0.138076
v -0.825008 0.386687 0.126068
v -0.832139 0.574522 0.149151
v -0.820139 0.574522 0.137142
v -0.830463 -0.004176 0.154544
v -0.818463 -0.004176 0.142534
v -0.818463 0.762357 0.140129
v -0.830463 0.762357 0.152138
v -0.818463 -0.004176 -0.139818
v -0.830463 -0.004176 -0.151829
v -0.830463 0.762357 -0.152104
v -0.818463 0.762357 -0.140096
v -0.959624 -0.004176 0.142534
v -0.947624 -0.004176 0.154544
v -0.947624 0.762357 0.152138
v -0.959624 0.762357 0.140129
v -0.947624 -0.004176 -0.151829
v -0.959624 -0.004176 -0.139818
v -0.959624 0.762357 -0.140096
v -0.947624 0.762357 -0.152104
v -0.823875 0.198852 -0.126675
v -0.835875 0.198852 -0.138685
v -0.836292 0.386687 -0.141261
v -0.824292 0.386687 -0.129252
v -0.822255 0.574522 -0.136610
v -0.834255 0.574522 -0.148618
v -0.947624 0.574522 -0.148671
v -0.959624 0.574522 -0.136662
v -0.952238 0.386687 -0.126077
v -0.940238 0.386687 -0.138086
v -0.951585 0.198852 -0.127628
v -0.939585 0.198852 -0.139638
v -0.939612 0.198852 0.140866
v -0.951612 0.198852 0.128857
v -0.951209 0.386687 0.120386
v -0.939209 0.386687 0.132395
v -0.945084 0.574522 0.147181
v -0.957084 0.574522 0.135172
v -0.856543 -0.000634 0.144249
v -0.844543 0.011673 0.144249
v -0.844543 0.099617 0.144249
v -0.856543 0.111729 0.144249
v -0.944045 0.011673 0.144249
v -0.932045 -0.000634 0.144249
v -0.932045 0.111729 0.144249
v -0.944045 0.099609 0.144249
v -0.856543 0.003611 0.131496
v -0.844543 0.015931 0.131496
v -0.844543 0.099621 0.131496
v -0.856543 0.111729 0.131496
v -0.944045 0.015931 0.131496
v -0.932045 0.003611 0.131496
v -0.932045 0.111729 0.131496
v -0.944045 0.099614 0.131496
v -0.849015 0.569301 0.130978
v -0.837015 0.581301 0.130978
v -0.837015 0.661359 0.130978
v -0.849015 0.673359 0.130978
v -0.941073 0.581301 0.130978
v -0.929073 0.569301 0.130978
v -0.929073 0.673359 0.130978
v -0.941073 0.661359 0.130978
v -0.961556 0.677359 0.195350
v -0.949556 0.689359 0.195350
v -0.949556 0.689359 -0.195316
v -0.961556 0.677359 -0.195316
v -0.949556 0.689359 0.000017
v -0.961556 0.677359 0.000017
v -0.961556 0.767998 -0.195316
v -0.949556 0.755998 -0.195316
v -0.949556 0.755998 0.195350
v -0.961556 0.767998 0.195350
v -0.949556 0.755998 0.000017
v -0.961556 0.767998 0.000017
v -1.040195 0.689359 -0.195316
v -1.028195 0.677359 -0.195316
v -1.028195 0.677359 0.195350
v -1.040195 0.689359 0.195350
v -1.040195 0.689359 0.000017
v -1.028195 0.677359 0.000017
v -1.040195 0.755998 0.195350
v -1.028195 0.767998 0.195350
v -1.028195 0.767998 -0.195316
v -1.040195 0.755998 -0.195316
v -1.040195 0.755998 0.000017
v -1.028195 0.767998 0.000017
v -0.854524 0.014786 0.367782
v -0.844543 0.011661 0.359779
v -0.860874 0.008279 0.370656
v -0.856543 -0.000634 0.365216
v -0.861548 0.064848 0.341762
v -0.856542 0.075983 0.326255
v -0.854524 0.056969 0.346270
v -0.844543 0.062530 0.333880
v -0.927299 0.008279 0.366019
v -0.932045 -0.000634 0.359946
v -0.934064 0.015211 0.362012
v -0.944045 0.011661 0.352849
v -0.934064 0.057358 0.340519
v -0.944045 0.062546 0.326973
v -0.927418 0.064848 0.337163
v -0.932046 0.076042 0.320999
v -0.847015 0.585443 0.186002
v -0.837015 0.581301 0.176002
v -0.853157 0.579301 0.186002
v -0.849015 0.569301 0.176002
v -0.853157 0.663359 0.186002
v -0.849015 0.673359 0.176002
v -0.847015 0.657217 0.186002
v -0.837015 0.661359 0.176002
v -0.924931 0.579301 0.186002
v -0.929073 0.569301 0.176002
v -0.931073 0.585443 0.186002
v -0.941073 0.581301 0.176002
v -0.931073 0.657217 0.186002
v -0.941073 0.661359 0.176002
v -0.924931 0.663359 0.186002
v -0.929073 0.673359 0.176002
v -0.959556 0.691249 0.385547
v -0.949556 0.687462 0.374291
v -0.965799 0.685024 0.383818
v -0.961556 0.675497 0.370974
v -0.965800 0.756393 0.403643
v -0.961556 0.766123 0.396148
v -0.959556 0.750165 0.401913
v -0.949556 0.754154 0.392817
v -0.965799 0.685024 -0.383784
v -0.961556 0.675497 -0.370941
v -0.959556 0.691249 -0.385513
v -0.949556 0.687462 -0.374257
v -0.959556 0.750165 -0.401879
v -0.949556 0.754154 -0.392783
v -0.965800 0.756393 -0.403609
v -0.961556 0.766123 -0.396114
v -1.023952 0.685024 0.383818
v -1.028195 0.675497 0.370974
v -1.030195 0.691249 0.385547
v -1.040195 0.687462 0.374291
v -1.030195 0.750165 0.401913
v -1.040195 0.754154 0.392817
v -1.023951 0.756393 0.403643
v -1.028195 0.766123 0.396148
v -1.030195 0.691249 -0.385513
v -1.040195 0.687462 -0.374257
v -1.023952 0.685024 -0.383784
v -1.028195 0.675497 -0.370941
v -1.023951 0.756393 -0.403609
v -1.028195 0.766123 -0.396114
v -1.030195 0.750165 -0.401879
v -1.040195 0.754154 -0.392783
v -0.841159 0.011673 -0.138783
v -0.853159 -0.000634 -0.138783
v -0.853159 0.113219 -0.138783
v -0.841159 0.101021 -0.138783
v -0.931808 -0.000634 -0.138783
v -0.943808 0.011673 -0.138783
v -0.943808 0.101031 -0.138783
v -0.931808 0.113219 -0.138783
v -0.841159 0.015931 -0.126030
v -0.853159 0.003611 -0.126030
v -0.853159 0.113219 -0.126030
v -0.841159 0.101029 -0.126030
v -0.931808 0.003611 -0.126030
v -0.943808 0.015931 -0.126030
v -0.943808 0.101038 -0.126030
v -0.931808 0.113219 -0.126030
v -0.857740 0.008554 -0.345328
v -0.853159 -0.000634 -0.338992
v -0.851150 0.015307 -0.342113
v -0.841159 0.011661 -0.333158
v -0.851150 0.048684 -0.327761
v -0.841159 0.054738 -0.314713
v -0.857836 0.056353 -0.324780
v -0.853158 0.068467 -0.309449
v -0.933817 0.015052 -0.346132
v -0.943808 0.011661 -0.337995
v -0.927476 0.008554 -0.348626
v -0.931808 -0.000634 -0.342708
v -0.926910 0.056353 -0.328046
v -0.931809 0.068413 -0.313152
v -0.933817 0.048464 -0.331765
v -0.943808 0.054719 -0.319534
v -0.837015 0.581301 -0.130944
v -0.849015 0.569301 -0.130944
v -0.849015 0.673359 -0.130944
v -0.837015 0.661359 -0.130944
v -0.929073 0.569301 -0.130944
v -0.941073 0.581301 -0.130944
v -0.941073 0.661359 -0.130944
v -0.929073 0.673359 -0.130944
v -0.853157 0.579301 -0.185968
v -0.849015 0.569301 -0.175968
v -0.847015 0.585443 -0.185968
v -0.837015 0.581301 -0.175968
v -0.847015 0.657217 -0.185968
v -0.837015 0.661359 -0.175968
v -0.853157 0.663359 -0.185968
v -0.849015 0.673359 -0.175968
v -0.931073 0.585443 -0.185968
v -0.941073 0.581301 -0.175968
v -0.924931 0.579301 -0.185968
v -0.929073 0.569301 -0.175968
v -0.924931 0.663359 -0.185968
v -0.929073 0.673359 -0.175968
v -0.931073 0.657217 -0.185968
v -0.941073 0.661359 -0.175968
vn -0.2682 0.2618 0.9271
vn 0.6375 -0.3857 0.6670
vn 0.6211 0.2179 0.7528
vn 0.0012 0.3524 -0.9359
vn -0.0009 -0.4028 -0.9153
vn 0.0022 -0.4050 -0.9143
vn -0.6237 0.7074 0.3326
vn 0.3435 0.2531 0.9044
vn 0.3409 0.8432 0.4156
vn 0.3745 -0.8588 -0.3496
vn -0.6316 -0.3163 -0.7078
vn 0.3853 -0.3811 -0.8404
vn 0.6230 0.7181 -0.3101
vn -0.2680 0.3230 -0.9077
vn -0.3253 0.8664 -0.3789
vn -0.6293 0.2726 -0.7278
vn 0.3292 0.8739 -0.3575
vn 0.3412 0.3483 -0.8731
vn -0.0050 0.2647 0.9643
vn -0.0127 -0.5073 0.8617
vn -0.0031 -0.5126 0.8586
vn -0.6273 0.2726 -0.7296
vn -0.8331 0.4828 0.2698
vn -0.6236 0.7135 0.3195
vn 0.0059 0.9184 -0.3956
vn 0.0004 0.9088 0.4172
vn -0.6318 0.7135 -0.3029
vn -0.3192 0.2645 -0.9100
vn -0.8157 0.5191 0.2554
vn -0.2597 -0.3830 -0.8865
vn 0.6381 -0.7056 -0.3080
vn -0.3109 -0.8700 -0.3826
vn 0.8085 0.0877 0.5819
vn -0.2872 -0.3412 -0.8951
vn -0.0001 -0.4078 -0.9131
vn 0.6445 -0.7282 0.2330
vn 0.0036 -0.9185 -0.3955
vn 0.6353 -0.7090 -0.3061
vn 0.3441 -0.8845 0.3151
vn -0.6298 -0.7145 -0.3048
vn -0.3084 0.3277 0.8930
vn 0.6286 0.7168 0.3018
vn -0.3548 0.8275 0.4352
vn 0.0115 0.2688 0.9631
vn 0.6444 -0.3921 0.6565
vn 0.6333 0.2110 0.7446
vn -0.6412 -0.3888 0.6616
vn -0.0094 0.2699 0.9628
vn -0.6276 0.2159 0.7480
vn 0.0142 -0.5092 0.8606
vn 0.8732 0.3158 0.3712
vn 0.7162 -0.3358 0.6118
vn 0.8732 -0.4057 0.2700
vn 0.3169 0.2597 -0.9122
vn -0.9023 0.2830 -0.3251
vn 0.0004 -0.9182 -0.3962
vn -0.0095 -0.9499 0.3124
vn -0.0050 -0.9176 -0.3975
vn 0.2812 -0.3368 -0.8986
vn 0.6257 0.2771 -0.7292
vn -0.0014 -0.9506 0.3105
vn 0.8138 0.1432 0.5633
vn 0.6402 -0.7291 0.2420
vn 0.6356 -0.3130 -0.7057
vn 0.9007 -0.3189 -0.2950
vn 0.8330 0.4830 0.2698
vn -0.7891 -0.5835 0.1921
vn -0.3016 -0.3355 -0.8925
vn 0.6286 0.7087 0.3202
vn -0.0063 0.9216 -0.3881
vn 0.0012 0.9067 0.4218
vn 0.7909 -0.3463 0.5046
vn -0.8085 0.0877 0.5819
vn -0.8134 0.1434 0.5637
vn -0.6215 -0.4018 0.6725
vn -0.6137 0.2103 0.7610
vn -0.7846 -0.5907 0.1881
vn -0.6354 -0.3132 -0.7059
vn -0.6370 -0.7068 -0.3077
vn 0.7848 -0.5904 0.1885
vn 0.6324 -0.3124 -0.7088
vn -0.4856 0.4959 -0.7199
vn -0.0052 0.9076 0.4197
vn -0.7974 -0.3137 0.5155
vn 0.7979 -0.3138 0.5147
vn 0.8155 0.5193 0.2555
vn 0.6269 0.7174 -0.3038
vn -0.0027 0.9202 -0.3914
vn -0.6417 -0.7296 0.2363
vn -0.9077 -0.3014 -0.2919
vn -0.7657 0.3029 -0.5674
vn -0.7511 -0.1833 -0.6343
vn 0.8986 0.4002 0.1800
vn 0.9114 -0.3801 0.1579
vn 0.9111 0.3746 0.1719
vn -0.8983 -0.3940 -0.1945
vn 0.3047 0.2847 0.9089
vn 0.2989 -0.3184 0.8996
vn -0.0005 -0.9312 0.3644
vn 0.3746 -0.9266 -0.0327
vn 0.2944 -0.9433 -0.1533
vn -0.0017 0.9203 0.3913
vn 0.0010 0.9402 -0.3405
vn 0.0001 0.9393 -0.3430
vn -0.0027 0.9405 -0.3397
vn -0.3041 0.9010 0.3094
vn -0.0002 0.9401 -0.3409
vn 0.0115 0.4827 -0.8757
vn 0.3848 0.8912 -0.2400
vn 0.4341 0.4668 -0.7704
vn 0.9246 -0.3727 0.0788
vn 0.2992 0.9023 0.3105
vn -0.4101 0.9079 0.0864
vn -0.0001 0.4813 -0.8765
vn 0.0056 -0.2769 -0.9609
vn 0.0023 -0.2774 -0.9607
vn 0.0036 0.4810 -0.8767
vn 0.0013 -0.2765 -0.9610
vn -0.3708 0.4502 -0.8123
vn -0.3684 0.8776 -0.3068
vn 0.0051 0.9419 -0.3359
vn 0.3031 0.8971 0.3215
vn -0.2975 0.8982 0.3236
vn 0.0042 0.9150 0.4035
vn 0.0027 0.9188 0.3946
vn 0.6308 -0.7238 0.2796
vn -0.0028 -0.9018 -0.4322
vn -0.0032 -0.9030 -0.4296
vn 0.0017 0.9425 -0.3341
vn 0.0008 0.9434 -0.3316
vn 0.3668 -0.9177 -0.1525
vn 0.3723 -0.8778 0.3013
vn -0.3138 -0.3193 0.8942
vn -0.2767 0.3953 0.8759
vn 0.3053 -0.3190 0.8972
vn 0.6330 0.2802 0.7217
vn 0.0017 -0.4034 0.9150
vn -0.6294 -0.3146 0.7106
vn -0.0028 0.3682 0.9297
vn -0.3048 0.2846 0.9089
vn 0.0045 0.3610 0.9325
vn -0.0030 -0.4037 0.9149
vn 0.0030 -0.9027 -0.4302
vn -0.6198 -0.7403 0.2604
vn 0.3107 -0.9095 0.2761
vn 0.0034 -0.9016 -0.4325
vn -0.0004 -0.9333 0.3590
vn -0.6296 -0.7259 0.2771
vn -0.0026 -0.9326 0.3609
vn 0.0006 -0.9021 -0.4314
vn -0.0034 -0.9003 -0.4353
vn -0.0020 -0.2717 -0.9624
vn -0.0010 0.4842 -0.8749
vn -0.0029 -0.2770 -0.9609
vn 0.3339 -0.9027 0.2714
vn 0.0001 -0.9030 -0.4297
vn -0.3430 -0.8959 0.2825
vn 0.0035 -0.9036 -0.4285
vn 0.4078 -0.9126 0.0282
vn 0.3348 -0.9412 0.0447
vn 0.9064 0.4069 -0.1133
vn 0.9236 -0.2825 0.2590
vn 0.9063 -0.4025 -0.1288
vn 0.0025 0.9162 0.4007
vn 0.3682 0.9223 -0.1174
vn 0.2968 0.9478 -0.1164
vn 0.8494 -0.3864 -0.3595
vn 0.8577 0.4055 -0.3161
vn 0.8496 0.3998 -0.3440
vn -0.5774 0.5733 0.5814
vn -0.5774 -0.5828 0.5719
vn -0.6306 0.7148 0.3024
vn 0.5774 -0.5828 0.5719
vn 0.6310 -0.7263 0.2727
vn -0.2997 0.2845 0.9106
vn -0.6300 -0.3120 0.7111
vn 0.0009 0.3648 0.9311
vn 0.5774 0.5650 0.5894
vn -0.6065 -0.5952 0.5272
vn 0.4081 0.9106 0.0648
vn 0.0078 0.9421 -0.3351
vn 0.3381 0.9376 0.0813
vn 0.6327 0.7081 0.3136
vn 0.3630 0.9283 0.0803
vn -0.0010 0.3649 0.9310
vn -0.0023 -0.4023 0.9155
vn -0.0024 0.4875 -0.8731
vn -0.0039 -0.2680 -0.9634
vn -0.0010 -0.9322 0.3621
vn -0.6301 -0.7236 0.2819
vn 0.6292 0.2870 0.7223
vn 0.5774 0.5733 0.5814
vn -0.3509 -0.8453 0.4030
vn 0.9355 -0.3213 -0.1472
vn 0.8320 0.3189 -0.4539
vn 0.9331 0.3579 -0.0347
vn 0.3738 0.8650 0.3347
vn 0.3888 0.3518 0.8515
vn 0.0052 0.4807 -0.8768
vn 0.0036 -0.2798 -0.9601
vn -0.6297 0.7103 0.3145
vn -0.5774 0.5650 0.5894
vn 0.0101 -0.2784 -0.9604
vn -0.0005 0.4891 -0.8722
vn 0.3692 -0.8652 -0.3394
vn 0.3582 -0.9328 0.0406
vn -0.2591 -0.9491 0.1793
vn -0.2013 -0.9415 0.2703
vn 0.0088 -0.9312 -0.3643
vn -0.9080 0.3008 -0.2918
vn -0.7718 -0.2784 -0.5717
vn -0.9059 -0.3612 -0.2210
vn 0.8580 -0.3928 -0.3309
vn 0.9272 0.3687 -0.0663
vn 0.9273 -0.3654 -0.0810
vn 0.3750 0.9270 0.0019
vn -0.4057 -0.9126 0.0509
vn -0.3742 0.8393 -0.3945
vn -0.2185 0.9379 0.2695
vn -0.0067 0.9077 -0.4195
vn 0.8366 0.4391 -0.3275
vn 0.9332 -0.3389 0.1193
vn 0.9241 0.3600 0.1280
vn 0.0090 -0.9397 0.3420
vn -0.3329 -0.9387 0.0892
vn -0.0039 0.9105 0.4135
vn -0.2756 0.9447 0.1775
vn 0.0034 -0.9336 -0.3583
vn -0.0000 -0.9382 0.3461
vn 0.0050 -0.9393 0.3430
vn 0.2620 0.9590 -0.1081
vn 0.0034 0.9087 0.4175
vn 0.3248 0.8641 0.3846
vn -0.3630 -0.8654 -0.3453
vn 0.8902 0.4554 -0.0085
vn 0.8576 -0.3204 0.4023
vn 0.8871 -0.4613 0.0169
vn 0.0018 0.9114 0.4115
vn 0.0021 0.9099 -0.4148
vn -0.7142 -0.3047 0.6301
vn -0.8837 0.2829 0.3728
vn -0.8794 -0.3634 0.3075
vn -0.7589 0.4069 0.5084
vn -0.8881 -0.4002 0.2262
vn -0.8928 0.3940 0.2184
vn -0.0015 0.9104 -0.4137
vn 0.0073 0.9104 0.4137
vn -0.0018 0.9090 0.4168
vn 0.3416 0.9349 -0.0966
vn 0.0027 0.9124 -0.4093
vn -0.3470 0.2487 0.9043
vn -0.3648 0.8357 0.4104
vn 0.0002 0.9095 0.4157
vn -0.0062 0.9117 -0.4109
vn -0.0017 0.9118 -0.4107
vn -0.0044 0.9089 0.4169
vn 0.3785 0.9244 0.0467
vn 0.3687 0.8765 -0.3095
vn 0.8188 -0.4730 -0.3254
vn 0.8229 -0.4747 -0.3121
vn -0.0006 0.2980 -0.9546
vn 0.0002 -0.4594 -0.8882
vn -0.0000 -0.4615 -0.8872
vn -0.0037 -0.9377 0.3474
vn 0.2586 -0.9613 -0.0951
vn 0.3246 -0.8913 0.3164
vn -0.0052 -0.9338 -0.3578
vn -0.5578 0.3985 0.7281
vn -0.7535 -0.4132 0.5114
vn -0.0026 -0.4628 -0.8865
vn 0.0007 -0.4601 -0.8879
vn 0.0046 0.2957 -0.9553
vn -0.0028 0.2931 -0.9561
vn 0.0037 -0.4638 -0.8860
vn 0.3688 -0.9211 0.1246
vn 0.3747 -0.9261 0.0437
vn 0.0012 0.2751 0.9614
vn -0.0012 -0.4868 0.8735
vn -0.0049 -0.4890 0.8723
vn -0.9024 0.4193 0.0994
vn -0.7758 -0.3736 0.5086
vn -0.7879 0.2805 0.5483
vn 0.0010 0.2742 0.9617
vn 0.0010 -0.4861 0.8739
vn -0.0018 -0.4863 0.8738
vn -0.0004 0.2705 0.9627
vn 0.0034 -0.4911 0.8711
vn -0.0014 0.2688 0.9632
vn -0.0001 -0.4930 0.8700
vn 0.0086 0.9100 -0.4145
vn -0.0080 -0.9323 -0.3617
vn -0.0024 -0.9411 0.3381
vn -0.0018 -0.9307 -0.3658
vn -0.0082 -0.9406 0.3395
vn 0.0006 -0.9331 -0.3595
vn 0.0010 -0.9401 0.3409
vn -0.0023 -0.4597 -0.8881
vn 0.0006 0.3023 -0.9532
vn -0.0020 -0.4594 -0.8882
vn -0.3709 0.2689 -0.8889
vn 0.3001 -0.9502 -0.0835
vn 0.8631 -0.4647 0.1977
vn 0.9431 0.2146 -0.2538
vn 0.8653 0.5006 0.0257
vn 0.3976 0.3218 -0.8592
vn 0.8684 -0.3754 0.3239
vn 0.9108 0.3171 0.2642
vn -0.5513 -0.4011 0.7316
vn -0.8050 0.3757 0.4592
vn -0.8015 -0.3831 0.4592
vn -0.0040 0.3019 -0.9533
vn -0.0021 0.2762 0.9611
vn 0.0033 -0.4871 0.8733
vn 0.2997 0.2681 0.9156
vn -0.3683 0.4246 0.8270
vn 0.0021 0.9340 0.3573
vn -0.4209 0.8520 0.3114
vn -0.3359 0.9387 0.0773
vn -0.9281 -0.3232 0.1847
vn -0.8329 0.2893 0.4718
vn -0.9519 0.2737 0.1375
vn 0.0127 -0.5072 -0.8617
vn 0.0033 0.2945 -0.9557
vn 0.0013 -0.4695 -0.8829
vn 0.0007 0.9336 0.3583
vn 0.2450 0.4400 0.8639
vn 0.2548 0.8858 0.3878
vn 0.0010 0.4569 0.8895
vn -0.3694 -0.2844 0.8847
vn -0.0006 -0.3059 0.9521
vn 0.2621 -0.9091 -0.3237
vn 0.2774 -0.5026 -0.8188
vn 0.0038 0.9055 -0.4244
vn -0.4041 0.2302 -0.8853
vn -0.4120 0.8287 -0.3789
vn 0.2606 0.8777 -0.4021
vn 0.2837 0.2742 -0.9189
vn 0.0036 0.4563 0.8898
vn 0.0024 -0.3062 0.9520
vn 0.0032 0.9141 -0.4055
vn -0.0042 0.9351 0.3543
vn -0.0070 0.9037 -0.4281
vn 0.0034 0.9035 -0.4287
vn -0.0000 0.9070 -0.4212
vn -0.0027 0.9349 0.3549
vn 0.0026 -0.5021 -0.8648
vn -0.4167 -0.8580 -0.3002
vn -0.4011 -0.4539 -0.7957
vn 0.0026 0.9336 0.3582
vn -0.0024 0.2558 -0.9667
vn -0.0029 -0.5042 -0.8636
vn -0.0040 -0.5098 -0.8603
vn -0.0081 0.2462 -0.9692
vn -0.0010 -0.9368 -0.3500
vn 0.2568 -0.8622 0.4367
vn -0.0031 -0.9129 0.4082
vn 0.0008 0.4732 0.8810
vn -0.3780 0.8725 0.3096
vn -0.3676 0.4393 0.8197
vn -0.0019 0.4560 0.8900
vn -0.0022 -0.2990 0.9542
vn -0.0035 -0.3064 0.9519
vn 0.0012 0.4625 0.8866
vn 0.0043 -0.3008 0.9537
vn 0.7862 -0.3407 -0.5156
vn 0.8572 0.5129 -0.0465
vn 0.8509 -0.5252 -0.0133
vn -0.0022 -0.9409 -0.3388
vn -0.0019 -0.9131 0.4078
vn -0.0006 -0.9397 -0.3419
vn 0.0049 -0.9126 0.4087
vn -0.0001 -0.9129 0.4082
vn 0.0067 -0.9401 -0.3409
vn 0.0016 -0.9406 -0.3394
vn 0.0016 -0.9123 0.4095
vn -0.3692 -0.2691 0.8896
vn -0.0007 -0.2885 0.9575
vn 0.3042 0.2583 -0.9169
vn -0.3776 -0.3394 -0.8616
vn 0.2990 -0.3457 -0.8894
vn 0.3100 0.8938 -0.3241
vn 0.0026 0.9419 0.3357
vn -0.3036 0.8952 -0.3261
vn 0.6308 0.2785 -0.7242
vn 0.5773 0.5503 -0.6032
vn 0.6315 0.7087 -0.3147
vn -0.3660 0.3336 -0.8688
vn -0.3764 0.8472 -0.3748
vn 0.0005 0.9362 0.3515
vn 0.4329 0.4367 0.7886
vn 0.4192 0.8516 0.3147
vn -0.2428 -0.9340 -0.2622
vn -0.0003 -0.9037 0.4281
vn 0.3653 -0.8854 -0.2873
vn 0.3081 0.8946 -0.3236
vn -0.0024 0.9432 0.3323
vn -0.0066 0.9402 0.3405
vn 0.0017 0.9413 0.3374
vn -0.0029 0.9127 -0.4086
vn 0.0004 0.9116 -0.4111
vn 0.0020 0.4723 0.8814
vn -0.0025 -0.2881 0.9576
vn 0.0016 -0.2878 0.9577
vn 0.0014 0.9144 -0.4047
vn 0.0013 0.9423 0.3347
vn -0.2928 0.2783 -0.9148
vn 0.0019 0.3596 -0.9331
vn -0.6236 -0.3274 -0.7099
vn 0.2905 -0.9158 -0.2774
vn -0.0046 -0.9044 0.4266
vn 0.6318 -0.7253 -0.2734
vn -0.0065 -0.4187 -0.9081
vn 0.0021 -0.4052 -0.9142
vn -0.6343 -0.7247 -0.2693
vn 0.4192 -0.8148 0.4004
vn 0.0002 -0.9055 0.4244
vn 0.0008 0.4454 0.8953
vn -0.0229 -0.3027 0.9528
vn 0.0006 -0.3143 0.9493
vn -0.0225 0.4611 0.8871
vn -0.0120 -0.2876 0.9577
vn -0.0114 0.4768 0.8789
vn 0.0035 -0.2872 0.9579
vn -0.0009 0.4736 0.8807
vn 0.9292 -0.3604 0.0822
vn 0.9080 0.2087 0.3632
vn 0.9097 -0.1493 0.3874
vn -0.6183 -0.7346 -0.2793
vn 0.0007 -0.9031 0.4295
vn -0.0010 -0.9037 0.4282
vn 0.0009 -0.9332 -0.3593
vn 0.0014 -0.9038 0.4280
vn -0.0050 -0.4180 -0.9084
vn -0.0042 0.3458 -0.9383
vn -0.0024 -0.9353 -0.3540
vn -0.6358 0.2628 -0.7257
vn 0.3735 0.8468 -0.3786
vn 0.3565 0.3349 -0.8722
vn -0.5773 0.5503 -0.6032
vn -0.2985 -0.3315 -0.8950
vn 0.6303 -0.5977 -0.4955
vn 0.3100 -0.3151 -0.8970
vn 0.2997 0.2768 -0.9130
vn -0.3058 0.8948 -0.3252
vn -0.3149 0.2535 -0.9146
vn -0.5178 -0.5821 -0.6269
vn -0.6280 0.2803 -0.7260
vn 0.6344 -0.3020 -0.7116
vn 0.5774 0.5553 -0.5986
vn -0.5832 -0.6002 -0.5474
vn -0.3653 0.3649 0.8564
vn 0.4533 0.8617 0.2279
vn -0.3808 0.8612 0.3366
vn 0.5715 -0.5974 -0.5625
vn -0.3054 -0.9105 -0.2787
vn 0.6320 -0.3292 -0.7015
vn -0.5774 0.5553 -0.5986
vn 0.6302 0.2682 -0.7286
vn 0.6309 0.7076 -0.3181
vn -0.0092 -0.9056 0.4240
vn -0.3786 -0.8642 -0.3314
vn -0.3669 -0.3765 -0.8506
vn 0.3731 -0.8644 -0.3372
vn -0.6382 -0.3279 -0.6966
vn 0.3562 -0.3786 -0.8543
vn 0.5092 0.5312 0.6772
vn -0.3580 -0.3540 0.8640
vn 0.2609 -0.4165 0.8709
vn 0.6352 -0.7131 0.2967
vn 0.8034 -0.5592 -0.2047
vn 0.2718 -0.3680 0.8892
vn -0.3299 0.2327 0.9149
vn -0.6331 -0.3346 0.6981
vn 0.3015 0.3499 0.8869
vn 0.6395 -0.2835 -0.7146
vn -0.3646 -0.8600 -0.3570
vn -0.3649 -0.3386 -0.8673
vn 0.3253 0.3221 -0.8891
vn -0.6248 0.7097 -0.3256
vn 0.3177 0.8476 -0.4251
vn -0.9096 -0.4142 -0.0321
vn -0.9076 0.2033 -0.3674
vn -0.8940 -0.2578 -0.3665
vn 0.2526 0.9089 0.3319
vn -0.6228 0.2598 0.7380
vn -0.0000 -0.9401 -0.3410
vn 0.0017 -0.9236 0.3833
vn 0.0028 -0.9225 0.3861
vn 0.7943 0.5572 -0.2422
vn -0.5429 0.8005 0.2539
vn -0.0022 0.9101 -0.4143
vn -0.6262 0.7066 -0.3295
vn -0.8100 -0.2365 -0.5366
vn 0.8029 0.2253 -0.5518
vn -0.8029 0.2256 -0.5519
vn 0.6293 0.7165 -0.3010
vn -0.3726 0.3610 -0.8549
vn -0.3866 0.8466 -0.3657
vn 0.0083 0.3327 0.9430
vn -0.0058 -0.4286 0.9035
vn 0.0068 -0.4314 0.9021
vn 0.0068 0.3294 0.9442
vn 0.0055 -0.4349 0.9005
vn 0.6257 0.2587 0.7359
vn -0.3459 -0.3572 0.8676
vn -0.4611 0.4640 0.7564
vn -0.0003 0.3519 -0.9360
vn -0.0000 -0.4234 -0.9059
vn 0.0018 -0.4216 -0.9068
vn -0.0000 -0.9220 0.3872
vn -0.6127 -0.7439 -0.2669
vn 0.0023 -0.9389 -0.3443
vn -0.6124 -0.3472 -0.7102
vn 0.3121 -0.8795 -0.3593
vn -0.6340 -0.7133 0.2987
vn -0.6293 -0.7296 -0.2677
vn 0.8074 0.2341 -0.5415
vn 0.6337 0.3080 -0.7096
vn 0.0024 0.9118 -0.4106
vn -0.0065 0.9238 0.3829
vn 0.0055 0.9247 0.3807
vn 0.0039 0.9249 0.3801
vn -0.0001 0.9104 -0.4137
vn -0.2904 -0.2822 0.9144
vn -0.5863 0.4197 0.6929
vn -0.7701 -0.2224 -0.5979
vn -0.7800 0.2360 -0.5795
vn -0.6235 0.2647 -0.7357
vn 0.1080 0.5066 0.8554
vn -0.7751 0.5823 -0.2453
vn 0.5162 -0.8087 0.2820
vn 0.6346 -0.7214 -0.2772
vn -0.7781 -0.5799 -0.2412
vn -0.6561 -0.6925 0.2998
vn -0.6497 -0.3045 0.6966
vn -0.2971 0.4160 0.8595
vn 0.6297 0.7080 -0.3197
vn 0.6251 0.7220 0.2965
vn -0.6193 -0.3319 -0.7115
vn -0.6214 0.2754 -0.7335
vn 0.8005 0.5482 -0.2424
vn 0.6288 -0.3290 -0.7045
vn 0.6307 0.2741 -0.7261
vn 0.6324 -0.7281 -0.2646
vn -0.0020 -0.9390 -0.3440
vn -0.8029 -0.5599 -0.2047
vn -0.6230 0.7232 0.2982
vn -0.8006 0.5481 -0.2423
vn -0.0029 0.3510 -0.9364
vn -0.0037 -0.4218 -0.9067
vn -0.2931 -0.9103 0.2924
vn -0.6314 -0.7367 0.2420
vn 0.0033 0.4752 0.8799
vn 0.0045 0.3475 -0.9377
vn -0.3078 0.8701 0.3849
vn 0.6195 0.7159 0.3220
vn 0.0010 0.3526 -0.9358
vn -0.6301 0.2822 0.7234
vn 0.0046 0.2559 -0.9667
vn 0.8564 0.4329 0.2816
vn 0.6576 -0.1431 0.7396
vn 0.8572 -0.4632 0.2252
vn 0.0031 0.9419 0.3359
vn -0.3350 -0.4488 0.8285
vn -0.3743 -0.8386 0.3958
vn -0.0051 0.3576 -0.9338
vn 0.3484 -0.4758 0.8076
vn -0.3660 -0.4297 -0.8255
vn 0.2995 -0.4701 0.8302
vn 0.0131 0.2481 -0.9686
vn 0.4330 -0.2642 0.8618
vn -0.3068 -0.3631 0.8798
vn 0.0007 0.2793 0.9602
vn -0.3699 -0.2613 -0.8916
vn -0.3644 -0.8440 -0.3934
vn 0.0013 0.2756 0.9613
vn 0.6355 -0.3355 0.6954
vn -0.0016 -0.9339 -0.3575
vn -0.0070 0.3471 -0.9378
vn -0.6282 0.7110 -0.3160
vn 0.0099 -0.9494 0.3139
vn -0.0046 0.4638 0.8859
vn -0.0001 -0.4008 0.9162
vn 0.3882 -0.3849 0.8373
vn 0.3579 -0.9047 -0.2312
vn 0.4035 -0.4974 -0.7680
vn 0.2458 -0.2937 0.9237
vn -0.3615 -0.8590 0.3626
vn 0.4283 -0.2852 -0.8574
vn -0.3841 -0.8431 0.3764
vn -0.0107 0.3330 0.9429
vn -0.3459 -0.8699 0.3517
vn 0.0024 0.2975 -0.9547
vn -0.9234 -0.3835 0.0153
vn -0.9019 0.2813 0.3277
vn -0.9226 0.3858 0.0035
vn 0.6319 -0.3135 0.7088
vn -0.7911 -0.3465 0.5041
vn 0.0015 0.4808 -0.8768
vn -0.0021 -0.9343 -0.3566
vn 0.7904 -0.5815 0.1926
vn -0.0024 0.3019 -0.9533
vn -0.2566 -0.4868 0.8350
vn 0.3224 -0.3889 -0.8630
vn 0.8365 -0.2143 -0.5043
vn 0.8543 -0.4769 -0.2069
vn 0.8104 -0.2369 -0.5359
vn 0.2523 -0.9071 0.3369
vn 0.3002 -0.4442 0.8441
vn 0.3934 0.9085 0.1405
vn 0.9246 0.3679 0.0990
vn -0.3694 -0.9067 0.2033
vn 0.8985 -0.4070 0.1645
vn -0.3857 0.8996 0.2049
vn 0.8138 0.4777 -0.3309
vn -0.9061 0.2554 0.3374
vn -0.9299 0.3679 0.0002
vn -0.8608 -0.3294 -0.3880
vn -0.8605 0.3293 -0.3886
vn -0.8916 0.4518 0.0298
vn 0.6153 -0.0088 0.7883
vn -0.9026 -0.2529 0.3483
vn -0.7168 0.1644 0.6777
vn -0.7563 0.1798 -0.6290
vn -0.9023 0.2582 -0.3452
vn -0.7727 -0.2136 0.5977
vn -0.9025 -0.2752 -0.3313
vn 0.6992 0.1589 0.6971
vn -0.7731 0.1902 0.6051
vn -0.8681 0.3481 0.3538
vn 0.8575 -0.2712 -0.4371
vn 0.8224 0.3039 -0.4809
vn 0.9069 0.4151 -0.0724
vn 0.7640 0.2468 -0.5961
vn 0.8594 0.4413 -0.2584
vn 0.8552 0.2916 0.4284
vn -0.9074 0.2476 -0.3395
vn 0.8125 0.2237 -0.5384
vn 0.9249 0.3340 -0.1815
vn 0.9176 -0.3522 -0.1842
vn -0.8870 -0.3018 -0.3494
vn -0.9534 -0.2926 -0.0736
vn 0.8112 -0.2489 -0.5291
vn 0.9238 0.2717 0.2698
vn 0.6977 0.3156 0.6432
vn 0.8095 -0.2270 -0.5415
vn -0.8150 -0.1984 0.5445
vn 0.7005 -0.2325 0.6747
vn 0.8221 -0.4989 0.2743
vn 0.7831 0.2468 -0.5707
vn -0.8964 -0.2795 0.3441
vn -0.8888 -0.4582 0.0051
vn 0.9206 -0.3869 -0.0532
vn -0.8674 -0.3631 0.3403
vn -0.9168 -0.3734 0.1419
vn -0.9086 0.3646 -0.2036
vn -0.9175 0.3658 0.1564
vn -0.9579 0.2790 -0.0676
vn 0.8071 0.5349 0.2501
vn -0.9237 -0.3831 0.0028
vn -0.9233 0.3837 -0.0167
vn 0.9250 0.3752 0.0600
vn 0.7608 -0.2918 -0.5797
vn -0.9149 -0.4036 0.0125
vn 0.8597 -0.4534 -0.2351
vn -0.0031 0.3827 -0.9239
vn 0.2880 0.8939 -0.3435
vn 0.3305 0.4208 -0.8448
vn 0.0075 0.9238 -0.3827
vn -0.0000 0.9236 0.3834
vn -0.0000 0.9236 -0.3834
vn -0.0075 0.9238 -0.3827
vn 0.0073 -0.9238 -0.3827
vn 0.3950 -0.2784 -0.8755
vn 0.4462 -0.8132 -0.3737
vn 0.2861 0.8928 0.3478
vn -0.0031 0.3827 0.9239
vn 0.3253 0.4184 0.8480
vn 0.0073 -0.9238 0.3827
vn -0.0000 -0.9242 -0.3820
vn -0.0000 0.3810 0.9246
vn -0.0030 -0.3826 0.9239
vn -0.0000 -0.3844 0.9232
vn 0.0030 -0.3826 -0.9239
vn -0.0000 0.3810 -0.9246
vn 0.4429 -0.8118 0.3806
vn -0.2880 0.8939 -0.3435
vn 0.0031 0.3827 -0.9239
vn -0.3305 0.4208 -0.8448
vn -0.0030 -0.3826 -0.9239
vn -0.0000 -0.3844 -0.9232
vn 0.0031 0.3827 0.9239
vn -0.2861 0.8928 0.3478
vn -0.3253 0.4184 0.8480
vn -0.3950 -0.2784 -0.8755
vn -0.0073 -0.9238 -0.3827
vn -0.4462 -0.8132 -0.3737
vn -0.7919 0.5881 0.1647
vn -0.8412 0.3822 -0.3824
vn -0.9624 -0.2082 -0.1743
vn 0.0030 -0.3826 0.9239
vn -0.0073 -0.9238 0.3827
vn -0.9109 -0.4064 0.0715
vn -0.8442 0.3984 -0.3585
vn -0.8923 -0.2332 -0.3866
vn -0.3886 -0.2786 0.8783
vn 0.8817 -0.2303 -0.4119
vn 0.3726 -0.9167 0.1446
vn 0.3819 -0.7866 -0.4851
vn -0.1829 0.6162 -0.7660
vn 0.3372 0.4481 -0.8280
vn 0.1541 -0.1130 -0.9816
vn 0.3289 0.8491 -0.4132
vn 0.9136 0.4029 -0.0542
vn 0.8290 0.4127 -0.3773
vn -0.9134 0.4032 -0.0554
vn -0.3545 0.8414 -0.4079
vn -0.9468 -0.3052 0.1019
vn -0.4018 -0.8688 0.2894
vn -0.3726 -0.9167 0.1446
vn -0.1675 0.4044 -0.8991
vn 0.4044 0.1675 -0.8991
vn 0.1675 -0.4044 -0.8991
vn -0.3740 0.9201 -0.1161
vn 0.3861 0.9224 -0.0000
vn 0.3734 0.9205 -0.1150
vn 0.9468 -0.3052 0.1019
vn 0.9109 -0.4064 0.0715
vn -1.0000 -0.0000 -0.0000
vn -0.7104 -0.7036 -0.0138
vn -0.6201 -0.7155 0.3217
vn 0.8986 0.3126 -0.3078
vn 0.7057 0.7085 -0.0063
vn 0.7085 0.7056 -0.0077
vn 1.0000 -0.0000 -0.0000
vn 0.5798 0.5807 -0.5715
vn -0.9079 -0.2909 -0.3017
vn -0.7038 -0.7103 -0.0130
vn -0.5799 0.5807 -0.5715
vn -0.5760 -0.5675 -0.5883
vn 0.9079 -0.2909 -0.3017
vn -0.8211 -0.5202 0.2348
vn -0.6198 -0.7156 0.3223
vn -0.8740 0.3852 0.2964
vn -0.7057 0.7085 -0.0063
vn -0.7086 0.7056 -0.0077
vn -0.7696 -0.2664 0.5803
vn -0.6618 0.0314 0.7490
vn -0.7579 0.0273 0.6518
vn 0.7579 0.0273 0.6518
vn 0.7696 -0.2664 0.5803
vn 0.5923 0.6392 0.4905
vn -0.5913 0.6387 0.4925
vn 0.5760 -0.5675 -0.5883
vn 0.7104 -0.7036 -0.0138
vn -0.6537 -0.3171 0.6871
vn 0.6621 0.0317 0.7488
vn 0.8740 0.3852 0.2963
vn 0.8211 -0.5202 0.2348
vn 0.7038 -0.7103 -0.0130
vn -0.8986 0.3127 -0.3078
vn 0.6201 -0.7155 0.3217
vn -0.5923 0.6392 0.4905
vn 0.5913 0.6387 0.4924
vn 0.6539 -0.3167 0.6871
vn -0.6621 0.0317 0.7488
vn 0.6618 0.0314 0.7490
vn 0.6537 -0.3171 0.6871
vn -0.6539 -0.3167 0.6871
vn 0.6198 -0.7156 0.3223
vn 0.9977 -0.0273 0.0627
vn 0.7346 0.6785 -0.0046
vn 0.9992 -0.0393 0.0002
vn -0.8198 0.5162 0.2479
vn 0.7327 0.6805 -0.0041
vn 0.8221 0.5124 0.2482
vn 0.8185 0.1241 0.5609
vn 0.6161 -0.5117 0.5988
vn 0.8272 -0.3658 0.4266
vn -0.9993 -0.0254 -0.0276
vn -0.6957 -0.7183 -0.0082
vn -0.9999 -0.0156 -0.0002
vn 0.9997 0.0223 0.0132
vn -0.9993 0.0372 -0.0002
vn 0.7531 -0.6461 0.1244
vn 0.7122 -0.7019 -0.0079
vn 0.7187 -0.6953 -0.0090
vn 0.8885 -0.3657 -0.2772
vn -0.9302 0.1824 -0.3185
vn -0.7927 -0.5407 -0.2816
vn 1.0000 0.0007 -0.0000
vn 0.7104 -0.7037 -0.0118
vn 0.9999 0.0118 0.0002
vn -0.7522 -0.6472 0.1241
vn -0.6951 -0.7188 -0.0120
vn -0.6661 -0.7323 0.1416
vn -0.5661 -0.7021 -0.4319
vn -0.8272 -0.3660 0.4264
vn 1.0000 -0.0021 -0.0001
vn 0.6212 0.7067 0.3388
vn -0.6789 0.7342 -0.0044
vn 0.9553 0.1649 -0.2454
vn -0.5322 0.4061 -0.7428
vn -0.6793 0.7338 -0.0049
vn -0.6193 0.7075 0.3405
vn 0.5753 0.3909 -0.7185
vn 0.6592 -0.6783 -0.3246
vn -0.5322 -0.6334 -0.5618
vn 0.5893 0.5059 -0.6299
vn 0.6441 -0.6320 -0.4311
vn -0.6661 -0.7323 0.1415
vn -0.6161 -0.5120 0.5986
vn 0.6218 0.1710 0.7643
vn -0.6214 0.1718 0.7645
vn 0.7332 0.6800 -0.0044
vn -0.5458 0.5238 -0.6540
vn -0.6805 0.7328 -0.0047
vn -0.7005 -0.7136 -0.0125
vn -1.0000 -0.0010 -0.0000
vn 0.6205 0.7066 0.3402
vn -1.0000 0.0021 0.0001
vn -0.9978 0.0538 -0.0399
vn -0.6219 0.1712 0.7642
vn -0.6168 -0.5108 0.5989
vn -0.8184 0.1244 0.5610
vn 0.6667 -0.7318 0.1416
vn -0.6200 0.7074 0.3396
vn -1.0000 0.0001 -0.0000
vn 1.0000 -0.0001 -0.0000
vn 0.6166 -0.5110 0.5990
vn 1.0000 0.0001 -0.0000
vn 0.6667 -0.7318 0.1414
vn 0.6212 0.1716 0.7646
vn -1.0000 -0.0001 -0.0000
vn -1.0000 -0.0000 0.0005
vn -0.6946 0.7190 -0.0246
vn -0.6351 0.7068 -0.3116
vn -0.8052 0.2264 -0.5481
vn -0.6320 -0.2910 -0.7183
vn -0.7995 -0.2250 -0.5569
vn -0.8106 -0.5442 -0.2163
vn -0.5556 -0.5992 0.5765
vn -0.8725 -0.3583 0.3322
vn 1.0000 0.0034 0.0002
vn 0.6178 -0.6000 0.5083
vn 0.6264 -0.7232 -0.2907
vn 1.0000 0.0005 0.0019
vn 1.0000 -0.0000 -0.0005
vn 0.9997 -0.0155 -0.0173
vn -0.7973 0.5523 -0.2434
vn -0.6940 0.7196 -0.0242
vn -0.6348 0.7070 -0.3117
vn 0.9284 0.2513 0.2737
vn 0.8988 -0.3196 0.3000
vn 0.6155 -0.5899 0.5227
vn 0.8049 0.2263 -0.5486
vn 0.7130 0.7008 -0.0250
vn 0.6341 0.7069 -0.3134
vn -1.0000 -0.0034 -0.0002
vn -0.5527 -0.5877 0.5909
vn -0.9997 -0.0159 0.0164
vn -0.7004 0.7133 -0.0247
vn -0.9108 0.2767 0.3063
vn 0.7974 0.5515 -0.2452
vn 0.7197 0.6938 -0.0252
vn 0.5815 0.5587 0.5913
vn 0.5794 0.5462 0.6049
vn -0.6323 -0.2904 -0.7182
vn 0.6286 0.2971 -0.7188
vn 0.6324 -0.2899 -0.7184
vn -0.6236 -0.7255 -0.2912
vn 0.9998 0.0152 -0.0154
vn 0.7137 0.7001 -0.0245
vn -0.9998 0.0157 0.0159
vn -0.5640 0.5670 0.6003
vn 0.8150 -0.5372 -0.2175
vn 0.6262 -0.7231 -0.2916
vn -0.5615 0.5544 0.6143
vn 0.9999 -0.0143 0.0002
vn 0.6290 0.2966 -0.7186
vn 0.6328 -0.2896 -0.7181
vn -0.6242 -0.7252 -0.2907
vn -1.0000 -0.0001 0.0003
vn -1.0000 -0.0005 -0.0020
vn 1.0000 0.0001 -0.0004
vn -0.9999 0.0134 -0.0001
vn -0.6308 0.2963 -0.7171
vn 0.8022 -0.2241 -0.5535
vn 0.6343 0.7070 -0.3127
vn -0.6305 0.2970 -0.7171
vn -0.8370 -0.4929 -0.2376
vn -0.7633 -0.6458 0.0147
vn -0.7705 -0.6372 0.0158
vn -1.0000 -0.0086 0.0009
vn -0.8146 0.5800 -0.0106
vn -0.6220 0.6810 -0.3865
vn 0.8088 0.2861 0.5138
vn 0.4766 -0.7129 0.5144
vn 0.7019 -0.6337 0.3253
vn -1.0000 -0.0002 0.0020
vn -0.9999 0.0102 0.0013
vn -0.9836 -0.1805 0.0044
vn 0.9808 -0.1949 0.0041
vn 0.9845 0.1220 0.1260
vn 0.9717 -0.1965 0.1312
vn -0.9948 0.0837 -0.0575
vn -0.9714 -0.0672 -0.2278
vn -0.9689 -0.2140 0.1240
vn -0.6442 0.5521 0.5294
vn -0.9619 0.2025 0.1839
vn 1.0000 0.0074 -0.0009
vn 0.6032 0.7974 -0.0174
vn 0.9911 0.1332 -0.0034
vn 0.8225 -0.5168 -0.2377
vn 0.6248 -0.7806 0.0146
vn 0.6099 -0.7165 -0.3385
vn -0.8281 0.4854 -0.2806
vn 0.5754 0.8177 -0.0185
vn -0.8006 0.5990 -0.0120
vn 0.7822 -0.1954 -0.5915
vn -0.7793 0.1812 -0.5999
vn -0.7894 -0.1947 -0.5822
vn 0.9999 -0.0163 -0.0012
vn 0.5825 -0.8126 0.0185
vn 0.6093 -0.7178 -0.3370
vn 0.4823 0.4699 0.7394
vn 0.5658 0.8244 -0.0172
vn 0.6144 0.6862 -0.3893
vn -0.6272 0.4109 0.6617
vn -0.6787 -0.6679 0.3055
vn 0.5075 -0.5730 0.6436
vn -0.6135 -0.5574 0.5594
vn -0.6192 -0.7105 -0.3343
vn 0.6392 -0.2428 -0.7297
vn -0.6492 0.2195 -0.7282
vn 0.6457 0.2208 -0.7310
vn -0.7869 0.6170 -0.0126
vn 0.5127 0.6209 0.5931
vn -0.6462 -0.2401 -0.7245
vn 0.8195 0.4996 -0.2808
vn 0.5969 -0.8021 0.0170
vn 0.6390 -0.2431 -0.7297
vn -0.6492 0.2196 -0.7283
vn 0.6462 0.2198 -0.7308
vn 0.7769 0.1807 -0.6031
vn -0.7470 -0.6648 0.0113
vn -0.9976 0.0691 -0.0008
vn -0.6190 -0.7107 -0.3344
vn -0.6211 0.6808 -0.3883
vn 0.6153 0.6852 -0.3897
vn -1.0000 0.0011 0.0051
vn -0.6459 -0.2397 -0.7248
vn 1.0000 -0.0000 -0.0024
vn 1.0000 -0.0012 -0.0065
vn 0.9239 -0.3827 -0.0000
vn 0.3557 -0.8587 -0.3689
vn 0.8587 -0.3557 -0.3688
vn -0.9239 0.3827 -0.0000
vn -0.3557 0.8587 -0.3689
vn -0.8587 0.3557 -0.3688
vn 0.3827 0.9239 -0.0000
vn 0.8587 0.3557 -0.3688
vn 0.3557 0.8587 -0.3689
vn -0.8587 -0.3557 -0.3689
vn -0.9239 -0.3827 -0.0000
vn 0.9004 0.4017 -0.1669
vn 0.8997 0.1661 0.4038
vn 0.8774 -0.4504 0.1656
vn 0.0024 0.3840 -0.9233
vn 0.3761 0.8559 -0.3550
vn 0.3719 0.3542 -0.8581
vn 0.3761 0.8559 0.3550
vn 0.0024 0.3840 0.9233
vn 0.3719 0.3542 0.8581
vn -0.0057 -0.9236 -0.3833
vn 0.3099 -0.8843 0.3492
vn -0.0055 -0.9236 0.3834
vn -0.0023 -0.3814 -0.9244
vn -0.0000 0.3827 -0.9239
vn 0.3658 -0.3572 -0.8594
vn 0.3631 -0.8619 -0.3541
vn 0.0023 -0.3814 -0.9244
vn -0.0024 0.3840 -0.9233
vn -0.0000 0.9239 0.3827
vn 0.0057 0.9241 -0.3822
vn -0.0000 0.9239 -0.3827
vn -0.0024 0.3840 0.9233
vn -0.0000 -0.3827 0.9239
vn -0.0000 0.3827 0.9239
vn -0.0000 -0.9239 -0.3827
vn -0.3761 0.8559 -0.3550
vn -0.3719 0.3542 -0.8581
vn -0.8986 -0.1690 0.4050
vn -0.9004 0.4017 0.1669
vn -0.8997 0.1661 -0.4038
vn 0.0023 -0.3814 0.9244
vn -0.3719 0.3542 0.8581
vn -0.3658 -0.3572 0.8594
vn -0.3658 -0.3572 -0.8594
vn 0.0057 -0.9236 -0.3832
vn -0.3615 -0.8616 -0.3564
vn -0.3761 0.8559 0.3550
vn -0.0000 -0.9239 0.3827
vn 0.0057 -0.9236 0.3832
vn -0.0057 0.9241 0.3822
vn -0.0025 -0.3811 0.9245
vn 0.3711 -0.3683 0.8524
vn 0.0057 0.9241 0.3821
vn -0.4117 -0.7802 -0.4709
vn -0.9254 0.3791 -0.0001
vn 0.4018 -0.8688 0.2894
vn 0.9253 0.3793 -0.0001
vn -0.0076 0.9239 0.3827
vn -0.0000 -0.3827 -0.9239
vn -0.0000 -0.9242 0.3820
vn -0.4429 -0.8118 0.3806
vn -0.0057 0.9241 -0.3822
vn -0.3827 -0.9239 -0.0000
vn -0.3557 -0.8587 -0.3688
vn 0.9101 0.0565 -0.4106
vn 0.7941 0.5894 -0.1483
vn 0.8353 0.3798 0.3975
vn 0.9031 0.0565 0.4256
vn 0.9591 -0.2073 0.1925
vn 0.7919 0.5880 0.1646
vn 0.9004 0.4017 0.1669
vn 0.4044 -0.1675 -0.8991
vn 0.8986 -0.1690 -0.4050
vn -0.4451 0.1672 -0.8798
vn -0.4044 0.1675 -0.8991
vn 0.3865 0.1659 -0.9073
vn 0.1157 0.6213 -0.7750
vn -0.1675 -0.4044 -0.8991
vn -0.4044 -0.1675 -0.8991
vn 0.3886 -0.2786 0.8783
vn 0.8412 0.3822 -0.3824
vn -0.2272 -0.1082 -0.9678
vn -0.3984 0.4379 -0.8059
vn 0.1675 0.4044 -0.8991
vn 0.8986 -0.1690 0.4050
vn 0.8971 -0.4099 -0.1649
vn 0.8997 0.1661 -0.4038
vn -0.3615 -0.8616 0.3564
vn -0.9004 0.4017 -0.1669
vn -0.8986 -0.1690 -0.4050
vn -0.8978 -0.4071 -0.1681
vn -0.8997 0.1661 0.4038
vn -0.9031 0.0565 0.4257
vn -0.9101 0.0566 -0.4106
vn -0.7941 0.5894 -0.1483
vn -0.8353 0.3798 0.3975
vn -0.9591 -0.2074 0.1925
vn 0.9235 -0.3461 -0.1656
vn -0.8887 -0.4532 0.0701
vn -0.9305 0.3627 -0.0505
vn -0.9263 -0.0185 0.3762
vn -0.9272 0.0230 -0.3740
vn -0.9255 0.0300 0.3775
vn -0.3713 -0.0222 -0.9283
vn 0.3797 0.0356 -0.9244
vn -0.3878 0.0293 -0.9213
vn -0.3060 -0.6044 -0.7355
vn 0.7308 -0.6077 -0.3108
vn 0.3079 -0.6010 0.7375
vn -0.7287 -0.6091 0.3130
vn -0.7218 0.6242 0.2991
vn -0.9222 -0.0258 -0.3859
vn -0.9235 -0.0304 0.3824
vn 0.2979 0.6239 -0.7225
vn -0.3787 -0.0356 -0.9249
vn -0.3021 0.6209 -0.7234
vn 0.3934 -0.0273 -0.9190
vn -0.7279 -0.6112 -0.3109
vn -0.7238 0.6206 -0.3016
vn -0.2980 0.6222 0.7240
vn 0.7223 0.6217 0.3029
vn 0.9236 0.0408 0.3812
vn 0.7311 -0.6066 0.3123
vn -0.9253 -0.0140 -0.3790
vn 0.3884 -0.0547 0.9199
vn -0.3717 -0.0447 0.9273
vn 0.9241 -0.0315 -0.3808
vn 0.9276 -0.0214 0.3730
vn 0.9265 -0.0289 -0.3751
vn -0.3616 -0.0209 0.9321
vn 0.3801 0.0545 0.9234
vn 0.4073 -0.0175 0.9131
vn -0.3070 -0.6013 0.7377
vn 0.7196 0.6268 -0.2990
vn 0.9202 -0.0397 0.3895
vn 0.1965 0.6621 0.7232
vn -0.3216 0.5022 0.8027
vn -0.1429 -0.0725 0.9871
vn 0.9253 0.0304 -0.3781
vn -0.9159 0.3994 0.0407
vn -0.9468 -0.3052 -0.1019
vn -0.9109 -0.4064 -0.0715
vn -0.3266 0.8725 0.3635
vn -0.8257 0.4372 0.3564
vn 0.3726 -0.9167 -0.1446
vn 0.9006 -0.2138 0.3785
vn 0.4290 -0.7657 0.4793
vn 0.9157 0.3997 0.0420
vn 0.3595 0.8627 0.3556
vn 0.8472 0.4162 0.3302
vn 0.9468 -0.3052 -0.1019
vn 0.9109 -0.4064 -0.0715
vn -0.3848 0.9230 -0.0000
vn 0.3755 0.9224 0.0906
vn 0.3849 0.9230 -0.0000
vn 0.1675 0.4044 0.8991
vn -0.4044 0.1675 0.8991
vn -0.1675 -0.4044 0.8991
vn -0.3726 -0.9167 -0.1446
vn -0.3840 -0.7755 0.5012
vn 0.4018 -0.8688 -0.2894
vn -0.4018 -0.8688 -0.2894
vn 0.1826 0.2144 0.9595
vn -0.4175 -0.0486 0.9074
vn -0.1569 -0.5829 0.7972
vn -0.3827 0.9239 -0.0000
vn -0.8587 0.3557 0.3689
vn -0.3557 0.8587 0.3688
vn 0.3827 -0.9239 -0.0000
vn 0.8587 -0.3557 0.3689
vn 0.3557 -0.8587 0.3688
vn 0.9239 0.3827 -0.0000
vn 0.3557 0.8587 0.3689
vn 0.8587 0.3557 0.3688
vn -0.3557 -0.8587 0.3688
vn 0.8760 0.2813 0.3918
vn 0.3823 0.9240 0.0043
vn 0.3759 0.8139 0.4431
vn -0.1826 0.2144 -0.9595
vn 0.4175 -0.0486 -0.9074
vn 0.1569 -0.5829 -0.7972
vn -0.3823 0.9240 0.0043
vn -0.8760 0.2813 0.3918
vn -0.3759 0.8139 0.4431
vn -0.9235 0.3837 -0.0018
vn -0.8469 -0.4179 -0.3289
vn -0.9243 -0.3816 0.0020
vn -0.9235 0.3837 0.0018
vn -0.8760 0.2813 -0.3918
vn -0.3823 0.9240 -0.0043
vn -0.3759 0.8139 -0.4431
vn -0.3459 -0.8928 -0.2884
vn 0.3823 0.9240 -0.0043
vn 0.8760 0.2813 -0.3918
vn 0.3759 0.8139 -0.4431
vn 0.3459 -0.8929 0.2884
vn 0.9243 -0.3816 -0.0020
vn 0.8469 -0.4179 0.3289
vn 0.9235 0.3837 -0.0018
vn 0.9235 0.3837 0.0018
vn 0.3831 -0.9237 0.0049
vn -0.3831 -0.9237 -0.0049
vn 0.3831 -0.9237 -0.0049
vn -0.3459 -0.8929 0.2884
vn -0.8860 -0.2075 0.4148
vn -0.9243 -0.3816 -0.0020
vn 0.3847 -0.0417 -0.9221
vn -0.3750 0.9227 0.0894
vn -0.9247 0.3806 0.0001
vn -0.8469 -0.4179 0.3289
vn 0.9243 -0.3816 0.0020
vn 0.3459 -0.8928 -0.2884
vn 0.8469 -0.4179 -0.3289
vn -0.3873 0.0443 0.9209
vn -0.3831 -0.9237 0.0049
vn 0.9248 0.3805 0.0001
vn -0.8587 -0.3557 0.3689
vn 0.3011 0.6191 0.7253
vn 0.3077 -0.6035 -0.7356
vn 0.4175 -0.0486 0.9074
vn -0.3791 0.2176 0.8994
vn -0.1019 0.6689 0.7363
vn 0.4624 0.2190 0.8592
vn -0.4175 -0.0486 -0.9074
vn 0.1675 -0.4044 0.8991
vn 0.4044 -0.1675 0.8991
vn 0.1569 -0.5829 0.7972
vn 0.3907 -0.3738 0.8412
vn -0.1675 0.4044 0.8991
vn -0.1569 -0.5829 -0.7972
vn -0.3907 -0.3738 -0.8412
vn 0.2489 -0.0656 0.9663
vn 0.4097 0.4863 0.7718
vn -0.4044 -0.1675 0.8991
vn -0.3907 -0.3738 0.8412
vn 0.3907 -0.3738 -0.8412
vn 0.9272 0.0230 -0.3740
vn 0.9263 -0.0185 0.3762
vn 0.9255 0.0300 0.3775
vn 0.3713 -0.0222 -0.9283
vn -0.3797 0.0356 -0.9244
vn -0.3934 -0.0273 -0.9190
vn 0.3060 -0.6044 -0.7356
vn 0.3878 0.0293 -0.9213
vn -0.3079 -0.6010 0.7376
vn -0.7308 -0.6077 -0.3108
vn 0.9222 -0.0258 -0.3859
vn 0.7218 0.6242 0.2991
vn 0.9235 -0.0304 0.3824
vn -0.2979 0.6238 -0.7225
vn 0.3787 -0.0356 -0.9249
vn -0.3847 -0.0417 -0.9221
vn 0.7279 -0.6112 -0.3109
vn 0.7287 -0.6091 0.3130
vn 0.2980 0.6222 0.7240
vn 0.7238 0.6206 -0.3016
vn -0.9236 0.0408 0.3812
vn -0.9253 0.0304 -0.3781
vn -0.3884 -0.0547 0.9199
vn -0.3011 0.6191 0.7253
vn -0.9276 -0.0214 0.3730
vn -0.9241 -0.0315 -0.3808
vn -0.9265 -0.0289 -0.3751
vn -0.3801 0.0545 0.9234
vn 0.3616 -0.0209 0.9321
vn -0.4073 -0.0175 0.9131
vn 0.3070 -0.6013 0.7377
vn 0.3873 0.0443 0.9209
vn 0.3717 -0.0447 0.9273
vn -0.9202 -0.0397 0.3895
vn -0.7196 0.6268 -0.2990
vn 0.3216 0.5022 0.8027
vn -0.1965 0.6621 0.7232
vn -0.4624 0.2190 0.8592
vn 0.9159 0.3994 0.0407
vn 0.3266 0.8725 0.3635
vn 0.3750 0.9227 0.0894
vn -0.9006 -0.2138 0.3785
vn -0.4289 -0.7657 0.4793
vn -0.3595 0.8627 0.3556
vn -0.9157 0.3997 0.0420
vn -0.8472 0.4162 0.3302
vn -0.9248 0.3805 0.0001
vn -0.3755 0.9224 0.0906
vn 0.3848 0.9230 -0.0000
vn -0.3849 0.9230 -0.0000
vn 0.4044 0.1675 0.8991
vn -0.1826 0.2144 0.9595
vn 0.3557 0.8587 0.3688
vn -0.3557 0.8587 0.3689
vn -0.8587 0.3557 0.3688
vn 0.3557 -0.8587 0.3689
vn 0.1826 0.2144 -0.9595
vn 0.8860 -0.2075 0.4148
vn 0.9253 -0.0140 -0.3790
vn 0.9247 0.3806 0.0001
vn 0.8257 0.4372 0.3564
vn 0.8587 -0.3557 0.3688
vn 0.3021 0.6209 -0.7234
vn -0.7311 -0.6066 0.3123
vn -0.7223 0.6218 0.3029
vn -0.3077 -0.6035 -0.7356
vn 0.3840 -0.7755 0.5012
vn 0.3791 0.2176 0.8994
vn 0.1429 -0.0725 0.9871
vn 0.1019 0.6689 0.7363
vn -0.2489 -0.0656 0.9663
vn -0.4097 0.4863 0.7718
vn 0.8442 0.3984 -0.3585
vn 0.9134 0.4032 -0.0554
vn -0.8817 -0.2303 -0.4119
vn -0.3372 0.4481 -0.8280
vn 0.1829 0.6162 -0.7660
vn 0.4451 0.1672 -0.8798
vn -0.3289 0.8491 -0.4132
vn -0.9136 0.4029 -0.0542
vn -0.3734 0.9205 -0.1150
vn 0.3545 0.8414 -0.4079
vn 0.9254 0.3791 -0.0001
vn -0.3861 0.9224 -0.0000
vn 0.3740 0.9201 -0.1161
vn 0.8923 -0.2332 -0.3866
vn 0.4117 -0.7802 -0.4709
vn -0.9253 0.3793 -0.0001
vn -0.3819 -0.7866 -0.4851
vn -0.8290 0.4127 -0.3773
vn 0.2272 -0.1082 -0.9678
vn 0.3984 0.4379 -0.8059
vn -0.3865 0.1659 -0.9073
vn -0.1541 -0.1130 -0.9816
vn -0.1157 0.6213 -0.7750
vn -0.3557 -0.8587 -0.3689
vn -0.8587 -0.3557 -0.3688
vn -0.3557 0.8587 -0.3688
vn 0.8587 -0.3557 -0.3689
vn 0.3557 -0.8587 -0.3688
vn 0.6263 0.2720 -0.7306
vn -0.6253 0.7168 -0.3084
vn -0.6300 0.2856 0.7222
vn 0.6301 -0.3138 0.7103
vn 0.5455 -0.5815 0.6035
vn -0.6330 0.7066 -0.3164
vn 0.6412 -0.7140 -0.2811
vn 0.5623 -0.4997 0.6589
vn 0.0076 0.9239 0.3827
vn -0.3863 0.9224 -0.0000
vn -0.8978 -0.4071 0.1681
vn 0.9625 -0.2081 -0.1742
vn 0.3863 0.9224 -0.0000
vt 0.019722 0.196960
vt 0.089142 0.186388
vt 0.091246 0.196877
vt 0.349502 0.245142
vt 0.455681 0.255208
vt 0.349491 0.255175
vt 0.581534 0.198662
vt 0.659526 0.197138
vt 0.658687 0.198686
vt 0.655798 0.257044
vt 0.575297 0.254935
vt 0.655873 0.254960
vt 0.096206 0.243194
vt 0.027433 0.245388
vt 0.024620 0.243171
vt 0.576764 0.244527
vt 0.660008 0.242292
vt 0.657335 0.244553
vt 0.349790 0.194999
vt 0.244927 0.183776
vt 0.349766 0.183809
vt 0.156137 0.244137
vt 0.154159 0.200418
vt 0.158135 0.196490
vt 0.243765 0.243297
vt 0.244602 0.196518
vt 0.579400 0.242267
vt 0.576051 0.244118
vt 0.577320 0.202201
vt 0.028650 0.254791
vt 0.099983 0.256920
vt 0.028323 0.256898
vt 0.093264 0.191914
vt 0.154819 0.254277
vt 0.156958 0.245080
vt 0.243318 0.255141
vt 0.519482 0.181909
vt 0.455010 0.137766
vt 0.520173 0.137787
vt 0.660886 0.183981
vt 0.585010 0.142883
vt 0.665357 0.142909
vt 0.627287 0.327543
vt 0.572282 0.326384
vt 0.627638 0.326384
vt 0.454770 0.195032
vt 0.518993 0.183863
vt 0.519421 0.195053
vt 0.159036 0.183748
vt 0.244770 0.194966
vt 0.158721 0.194938
vt 0.454587 0.183842
vt 0.661505 0.200479
vt 0.672247 0.199616
vt 0.672000 0.201399
vt 0.101773 0.247095
vt 0.154799 0.247112
vt 0.349628 0.137733
vt 0.245107 0.181822
vt 0.244405 0.137700
vt 0.523264 0.254343
vt 0.521139 0.245196
vt 0.349955 0.181855
vt 0.524499 0.189997
vt 0.089019 0.184118
vt 0.090073 0.139676
vt 0.090683 0.139677
vt 0.937196 0.933097
vt 0.887312 0.889436
vt 0.937196 0.889437
vt 0.946162 0.940355
vt 0.993435 0.980216
vt 0.946162 0.980450
vt 0.519997 0.196606
vt 0.455289 0.243365
vt 0.454923 0.196584
vt 0.937196 0.939423
vt 0.887312 0.935134
vt 0.937196 0.935135
vt 0.096708 0.200783
vt 0.099339 0.244466
vt 0.579631 0.191820
vt 0.584094 0.186239
vt 0.582919 0.197113
vt 0.155791 0.178041
vt 0.156975 0.136660
vt 0.158464 0.137672
vt 0.937196 0.983159
vt 0.887312 0.941755
vt 0.937196 0.941756
vt 0.521674 0.136662
vt 0.522502 0.136662
vt 0.993432 0.889701
vt 0.946158 0.931304
vt 0.946158 0.889458
vt 0.155564 0.190298
vt 0.349805 0.196551
vt 0.946161 0.938037
vt 0.993432 0.933326
vt 0.993435 0.938042
vt 0.524047 0.202731
vt 0.522051 0.244385
vt 0.520553 0.243386
vt 0.349482 0.243331
vt 0.581752 0.180630
vt 0.583735 0.140589
vt 0.573697 0.254359
vt 0.523281 0.246582
vt 0.573750 0.246599
vt 0.158998 0.181793
vt 0.646631 0.281355
vt 0.638483 0.280154
vt 0.647163 0.280154
vt 0.017763 0.304197
vt 0.009368 0.299156
vt 0.017068 0.299156
vt 0.522918 0.336000
vt 0.572865 0.328848
vt 0.572870 0.336000
vt 0.030270 0.339781
vt 0.022666 0.357051
vt 0.021605 0.349768
vt 0.435744 0.325160
vt 0.330535 0.279992
vt 0.435334 0.279992
vt 0.570551 0.279991
vt 0.522205 0.306056
vt 0.521568 0.279991
vt 0.029089 0.277745
vt 0.018091 0.279992
vt 0.017668 0.277745
vt 0.008734 0.290953
vt 0.572274 0.306698
vt 0.634284 0.305824
vt 0.570718 0.277745
vt 0.521928 0.268506
vt 0.570794 0.268506
vt 0.521832 0.277745
vt 0.435590 0.268506
vt 0.635589 0.277745
vt 0.635500 0.279991
vt 0.117355 0.279992
vt 0.161191 0.308500
vt 0.113468 0.308546
vt 0.225984 0.325160
vt 0.330851 0.325160
vt 0.162020 0.338280
vt 0.226024 0.385499
vt 0.162529 0.385499
vt 0.161959 0.279992
vt 0.225637 0.279992
vt 0.018709 0.345959
vt 0.017745 0.339781
vt 0.113631 0.335366
vt 0.161407 0.327620
vt 0.161407 0.335366
vt 0.161668 0.327004
vt 0.226231 0.336491
vt 0.522934 0.336491
vt 0.435941 0.327003
vt 0.522917 0.328848
vt 0.226112 0.327004
vt 0.331164 0.336491
vt 0.572384 0.385499
vt 0.523288 0.357096
vt 0.573554 0.357036
vt 0.522898 0.385499
vt 0.436252 0.338280
vt 0.523181 0.338280
vt 0.331243 0.338280
vt 0.436297 0.385499
vt 0.331245 0.385499
vt 0.225716 0.268506
vt 0.162089 0.277745
vt 0.162112 0.268506
vt 0.161248 0.350333
vt 0.117946 0.385499
vt 0.113165 0.350209
vt 0.029108 0.385499
vt 0.020290 0.365246
vt 0.022618 0.360237
vt 0.015101 0.323672
vt 0.007458 0.325498
vt 0.007376 0.323802
vt 0.029868 0.325339
vt 0.017819 0.318874
vt 0.019865 0.315072
vt 0.007671 0.318874
vt 0.016905 0.313493
vt 0.015433 0.318874
vt 0.731139 0.113027
vt 0.781023 0.131829
vt 0.731139 0.131830
vt 0.839866 0.109784
vt 0.789982 0.128711
vt 0.789982 0.109784
vt 0.522619 0.325160
vt 0.525597 0.306056
vt 0.526101 0.325602
vt 0.789982 0.130514
vt 0.839866 0.128710
vt 0.839866 0.130649
vt 0.525336 0.356909
vt 0.524698 0.337586
vt 0.781023 0.109953
vt 0.731139 0.109794
vt 0.570518 0.337678
vt 0.572994 0.338260
vt 0.113626 0.327620
vt 0.113331 0.336470
vt 0.030133 0.327374
vt 0.848831 0.130114
vt 0.896109 0.111809
vt 0.896109 0.130346
vt 0.908831 0.609574
vt 0.861988 0.622129
vt 0.861598 0.611541
vt 0.019359 0.299156
vt 0.028880 0.279992
vt 0.021006 0.304197
vt 0.909251 0.628386
vt 0.861778 0.624689
vt 0.159158 0.308500
vt 0.161593 0.325160
vt 0.160228 0.326929
vt 0.848831 0.109988
vt 0.896109 0.109800
vt 0.159792 0.335622
vt 0.019969 0.289312
vt 0.331036 0.327004
vt 0.436105 0.336491
vt 0.330630 0.277745
vt 0.330656 0.268506
vt 0.226350 0.338280
vt 0.113744 0.339781
vt 0.570905 0.326395
vt 0.568865 0.306698
vt 0.627994 0.338260
vt 0.007942 0.278916
vt 0.016049 0.277903
vt 0.015747 0.279992
vt 0.017381 0.325339
vt 0.017133 0.327374
vt 0.117655 0.277745
vt 0.117710 0.268506
vt 0.113102 0.325339
vt 0.115286 0.308546
vt 0.114803 0.326879
vt 0.029167 0.268506
vt 0.225702 0.277745
vt 0.018070 0.385499
vt 0.020910 0.374832
vt 0.615280 0.536872
vt 0.621653 0.543063
vt 0.603714 0.566542
vt 0.115829 0.350209
vt 0.115330 0.339037
vt 0.627725 0.579895
vt 0.635410 0.578995
vt 0.635212 0.580341
vt 0.008480 0.313493
vt 0.017267 0.308390
vt 0.009071 0.308390
vt 0.020482 0.308390
vt 0.636118 0.357096
vt 0.625670 0.579895
vt 0.620837 0.605314
vt 0.603140 0.579895
vt 0.017228 0.601117
vt 0.008479 0.591407
vt 0.017893 0.591407
vt 0.605926 0.524251
vt 0.612069 0.528824
vt 0.605744 0.625984
vt 0.615740 0.613984
vt 0.208725 0.566542
vt 0.106211 0.524251
vt 0.208780 0.524251
vt 0.017301 0.606991
vt 0.025647 0.625984
vt 0.017710 0.625984
vt 0.627155 0.566542
vt 0.015325 0.625023
vt 0.007449 0.625739
vt 0.007209 0.623825
vt 0.516260 0.625984
vt 0.516079 0.579895
vt 0.623739 0.626854
vt 0.615079 0.625984
vt 0.624453 0.625413
vt 0.619095 0.613984
vt 0.625709 0.621177
vt 0.616352 0.621177
vt 0.311173 0.579895
vt 0.413740 0.625984
vt 0.311259 0.625984
vt 0.020903 0.601117
vt 0.027662 0.579895
vt 0.611411 0.627791
vt 0.611793 0.625984
vt 0.106319 0.625984
vt 0.208675 0.579895
vt 0.106198 0.579895
vt 0.208803 0.625983
vt 0.021343 0.591407
vt 0.019459 0.579913
vt 0.007087 0.606991
vt 0.007594 0.601116
vt 0.311231 0.578027
vt 0.208736 0.568658
vt 0.311265 0.568658
vt 0.025453 0.524251
vt 0.016947 0.541976
vt 0.016924 0.524251
vt 0.027566 0.566542
vt 0.622930 0.607102
vt 0.628501 0.613984
vt 0.413769 0.568658
vt 0.516305 0.568658
vt 0.413754 0.578027
vt 0.603314 0.578027
vt 0.603585 0.568658
vt 0.019420 0.564846
vt 0.022834 0.556370
vt 0.413929 0.627791
vt 0.516615 0.637764
vt 0.413978 0.637764
vt 0.018155 0.200819
vt 0.007523 0.199056
vt 0.018065 0.199059
vt 0.025692 0.627791
vt 0.106314 0.637764
vt 0.025590 0.637764
vt 0.208829 0.627791
vt 0.208885 0.637764
vt 0.311362 0.627791
vt 0.311430 0.637764
vt 0.413646 0.579895
vt 0.413838 0.566542
vt 0.516413 0.524251
vt 0.516397 0.566542
vt 0.413809 0.524251
vt 0.311288 0.566542
vt 0.311288 0.524251
vt 0.106173 0.568658
vt 0.027682 0.578027
vt 0.027578 0.568658
vt 0.626622 0.578027
vt 0.022105 0.545846
vt 0.008370 0.580259
vt 0.016453 0.579631
vt 0.016584 0.579895
vt 0.018486 0.578009
vt 0.008036 0.582013
vt 0.017053 0.582013
vt 0.632158 0.607102
vt 0.626273 0.601056
vt 0.634381 0.601056
vt 0.208701 0.578027
vt 0.605936 0.627791
vt 0.606065 0.637764
vt 0.017250 0.627791
vt 0.019124 0.408885
vt 0.122874 0.411077
vt 0.019268 0.411077
vt 0.613165 0.621177
vt 0.007145 0.411207
vt 0.016639 0.409695
vt 0.016524 0.411861
vt 0.438613 0.468518
vt 0.543931 0.457984
vt 0.544014 0.468518
vt 0.543974 0.411077
vt 0.638438 0.408124
vt 0.637689 0.410766
vt 0.122664 0.408885
vt 0.019069 0.398450
vt 0.122620 0.398450
vt 0.644872 0.470681
vt 0.644999 0.468518
vt 0.122831 0.456147
vt 0.019155 0.457984
vt 0.019522 0.456147
vt 0.644340 0.456148
vt 0.645449 0.457895
vt 0.228020 0.408885
vt 0.227992 0.398450
vt 0.543853 0.456147
vt 0.438743 0.411077
vt 0.333437 0.456147
vt 0.438529 0.456147
vt 0.228160 0.456147
vt 0.333339 0.411077
vt 0.122580 0.468518
vt 0.018966 0.470680
vt 0.019031 0.468518
vt 0.228095 0.411077
vt 0.228017 0.457984
vt 0.227950 0.468518
vt 0.333282 0.468518
vt 0.333344 0.457984
vt 0.544021 0.470681
vt 0.637186 0.515131
vt 0.544101 0.515131
vt 0.428429 0.662654
vt 0.358836 0.664797
vt 0.358610 0.662654
vt 0.544109 0.408885
vt 0.438737 0.398450
vt 0.544144 0.398450
vt 0.333381 0.408885
vt 0.333349 0.398450
vt 0.657531 0.455170
vt 0.648546 0.453678
vt 0.657383 0.451501
vt 0.227920 0.470680
vt 0.122546 0.515131
vt 0.122494 0.470680
vt 0.333155 0.515131
vt 0.227810 0.515131
vt 0.438572 0.470681
vt 0.333311 0.470681
vt 0.438811 0.515131
vt 0.358540 0.651623
vt 0.428365 0.651623
vt 0.816218 0.713382
vt 0.863600 0.721220
vt 0.816214 0.721220
vt 0.430575 0.697780
vt 0.479645 0.664797
vt 0.477676 0.697809
vt 0.431975 0.710101
vt 0.434206 0.697720
vt 0.430592 0.708447
vt 0.358561 0.711002
vt 0.358955 0.708447
vt 0.863020 0.664797
vt 0.945342 0.662655
vt 0.945030 0.664797
vt 0.477110 0.731409
vt 0.428432 0.769932
vt 0.428975 0.731296
vt 0.815783 0.686192
vt 0.761916 0.664797
vt 0.816355 0.664797
vt 0.559414 0.664797
vt 0.660701 0.709169
vt 0.761897 0.709169
vt 0.559361 0.662654
vt 0.479527 0.651623
vt 0.559346 0.651623
vt 0.559331 0.709169
vt 0.660591 0.664797
vt 0.477575 0.713482
vt 0.559322 0.711099
vt 0.477499 0.721855
vt 0.816249 0.745610
vt 0.762248 0.769932
vt 0.816033 0.723617
vt 0.660733 0.721855
vt 0.559385 0.721855
vt 0.863902 0.723301
vt 0.945451 0.769932
vt 0.863462 0.769932
vt 0.863201 0.662655
vt 0.816472 0.651623
vt 0.863277 0.651623
vt 0.816416 0.662655
vt 0.762004 0.651622
vt 0.761967 0.662655
vt 0.660665 0.651623
vt 0.479567 0.662654
vt 0.957099 0.664513
vt 0.948041 0.664412
vt 0.957240 0.664412
vt 0.477656 0.723617
vt 0.559224 0.769932
vt 0.479691 0.769932
vt 0.559436 0.723617
vt 0.660663 0.769932
vt 0.762094 0.721855
vt 0.762030 0.711099
vt 0.660792 0.723617
vt 0.863649 0.711869
vt 0.945671 0.710462
vt 0.945889 0.711869
vt 0.852559 0.625393
vt 0.805284 0.613005
vt 0.852559 0.613005
vt 0.810173 0.966514
vt 0.857438 0.961947
vt 0.857448 0.966513
vt 0.477427 0.720920
vt 0.430347 0.713482
vt 0.863075 0.686269
vt 0.862238 0.712019
vt 0.860347 0.712019
vt 0.810146 0.953334
vt 0.857864 0.959059
vt 0.476033 0.710271
vt 0.473773 0.710271
vt 0.852559 0.609587
vt 0.805284 0.609408
vt 0.432034 0.726294
vt 0.433418 0.726294
vt 0.474066 0.734304
vt 0.476452 0.720756
vt 0.979850 0.030156
vt 0.932575 0.004540
vt 0.979850 0.004483
vt 0.674897 0.113219
vt 0.722072 0.136635
vt 0.674800 0.136356
vt 0.650098 0.117394
vt 0.562286 0.114931
vt 0.651444 0.115306
vt 0.722175 0.112306
vt 0.674851 0.110745
vt 0.722129 0.109860
vt 0.817401 0.721626
vt 0.818114 0.721626
vt 0.932578 0.033142
vt 0.932577 0.030158
vt 0.819040 0.686038
vt 0.817161 0.711387
vt 0.815787 0.709169
vt 0.861746 0.721970
vt 0.863650 0.745485
vt 0.816848 0.769932
vt 0.430199 0.723050
vt 0.358238 0.725752
vt 0.358420 0.723050
vt 0.946153 0.723301
vt 0.863748 0.721844
vt 0.945995 0.721844
vt 0.560216 0.117015
vt 0.649235 0.126177
vt 0.558577 0.124894
vt 0.170385 0.005782
vt 0.168508 0.049380
vt 0.168412 0.004479
vt 0.119129 0.117068
vt 0.118415 0.126263
vt 0.018021 0.116992
vt 0.565228 0.059109
vt 0.654348 0.057366
vt 0.654122 0.059483
vt 0.021475 0.069193
vt 0.116121 0.071551
vt 0.022025 0.071155
vt 0.663222 0.070280
vt 0.656150 0.069594
vt 0.663025 0.069622
vt 0.017722 0.115482
vt 0.117908 0.117411
vt 0.333319 0.052936
vt 0.229690 0.006032
vt 0.333663 0.006469
vt 0.560384 0.071392
vt 0.560778 0.116360
vt 0.508274 0.114339
vt 0.436758 0.066124
vt 0.508460 0.066426
vt 0.963119 0.832328
vt 0.915846 0.827496
vt 0.963121 0.827485
vt 0.563197 0.069473
vt 0.653780 0.067924
vt 0.652953 0.069850
vt 0.332614 0.115851
vt 0.437088 0.125940
vt 0.332588 0.125500
vt 0.228173 0.115412
vt 0.228121 0.125061
vt 0.167817 0.125169
vt 0.168751 0.115161
vt 0.119143 0.124965
vt 0.167779 0.117273
vt 0.436921 0.064317
vt 0.333265 0.055000
vt 0.437201 0.055437
vt 0.437600 0.006906
vt 0.509025 0.053675
vt 0.437391 0.053373
vt 0.508465 0.055737
vt 0.020380 0.058633
vt 0.113767 0.014824
vt 0.114228 0.059029
vt 0.562383 0.064885
vt 0.564265 0.067547
vt 0.332688 0.065686
vt 0.436701 0.114038
vt 0.332617 0.113600
vt 0.228417 0.113162
vt 0.228659 0.065249
vt 0.510090 0.124690
vt 0.509113 0.116593
vt 0.904502 0.830741
vt 0.857315 0.826994
vt 0.904525 0.828579
vt 0.511919 0.060066
vt 0.508346 0.064618
vt 0.860286 0.779853
vt 0.904586 0.826359
vt 0.857462 0.824767
vt 0.915843 0.834472
vt 0.963076 0.879379
vt 0.915801 0.879400
vt 0.563984 0.009129
vt 0.565876 0.010630
vt 0.565160 0.056992
vt 0.513413 0.050444
vt 0.509568 0.007209
vt 0.511018 0.005609
vt 0.511133 0.070688
vt 0.510500 0.115147
vt 0.859873 0.879632
vt 0.904529 0.832919
vt 0.906700 0.877770
vt 0.169330 0.064999
vt 0.169074 0.112912
vt 0.114145 0.061176
vt 0.117448 0.066810
vt 0.115027 0.069587
vt 0.963073 0.779683
vt 0.915847 0.825307
vt 0.915799 0.779656
vt 0.167265 0.060520
vt 0.170460 0.054315
vt 0.169956 0.063194
vt 0.170152 0.052249
vt 0.229323 0.052498
vt 0.115110 0.012333
vt 0.115849 0.057164
vt 0.117019 0.115899
vt 0.118838 0.072688
vt 0.119438 0.118332
vt 0.167624 0.113790
vt 0.166674 0.068074
vt 0.229000 0.063443
vt 0.229373 0.054563
vt 0.510445 0.117430
vt 0.558497 0.117632
vt 0.017818 0.184095
vt 0.088772 0.141308
vt 0.584007 0.183957
vt 0.580086 0.186237
vt 0.579382 0.183955
vt 0.165871 0.062520
vt 0.516649 0.639909
vt 0.606086 0.639909
vt 0.660653 0.662654
vt 0.243338 0.245108
vt 0.021464 0.198049
vt 0.092907 0.198072
vt 0.332972 0.063880
vt 0.113231 0.327374
vt 0.414017 0.639909
vt 0.122675 0.457984
vt 0.100076 0.254813
vt 0.578049 0.193105
vt 0.479422 0.649713
vt 0.560870 0.066671
vt 0.014973 0.115470
vt 0.007562 0.114552
vt 0.007377 0.113671
vt 0.428711 0.664797
vt 0.611525 0.637764
vt 0.208889 0.639909
vt 0.311449 0.639909
vt 0.357852 0.769932
vt 0.455678 0.245176
vt 0.660353 0.186263
vt 0.626998 0.568658
vt 0.106309 0.639909
vt 0.017072 0.637764
vt 0.025576 0.639909
vt 0.017055 0.639909
vt 0.438602 0.457984
vt 0.945412 0.651623
vt 0.863299 0.649713
vt 0.945478 0.649713
vt 0.154350 0.192171
vt 0.509152 0.126243
vt 0.436972 0.128069
vt 0.627481 0.336892
vt 0.516520 0.627791
vt 0.430193 0.720920
vt 0.430470 0.711002
vt 0.635640 0.268506
vt 0.570895 0.266611
vt 0.635624 0.266611
vt 0.106314 0.627791
vt 0.228214 0.127191
vt 0.168718 0.124811
vt 0.106154 0.566542
vt 0.660690 0.711099
vt 0.477505 0.709169
vt 0.454743 0.181888
vt 0.332581 0.127630
vt 0.438745 0.408885
vt 0.030014 0.336470
vt 0.017467 0.338477
vt 0.017233 0.336469
vt 0.019467 0.566542
vt 0.018693 0.568658
vt 0.637249 0.398450
vt 0.544145 0.396550
vt 0.637489 0.396550
vt 0.227981 0.396550
vt 0.560039 0.127917
vt 0.649226 0.128292
vt 0.559341 0.649713
vt 0.349507 0.257260
vt 0.455419 0.257294
vt 0.520645 0.257315
vt 0.162092 0.266611
vt 0.117584 0.266611
vt 0.122600 0.396550
vt 0.863622 0.713382
vt 0.243591 0.257226
vt 0.330677 0.266611
vt 0.225731 0.266611
vt 0.018137 0.266611
vt 0.017749 0.268506
vt 0.019048 0.396550
vt 0.438738 0.396550
vt 0.660673 0.649713
vt 0.963120 0.825268
vt 0.157422 0.257198
vt 0.119009 0.068464
vt 0.018962 0.515131
vt 0.333354 0.396550
vt 0.887312 0.933099
vt 0.094804 0.193237
vt 0.512147 0.063055
vt 0.513201 0.066445
vt 0.437022 0.116290
vt 0.435613 0.266611
vt 0.611707 0.639909
vt 0.113285 0.338477
vt 0.516210 0.578027
vt 0.345923 0.665194
vt 0.355806 0.664631
vt 0.356171 0.666888
vt 0.946159 0.933328
vt 0.993432 0.931307
vt 0.525887 0.191636
vt 0.521974 0.266611
vt 0.161799 0.336491
vt 0.816426 0.649713
vt 0.761994 0.649713
vt 0.887312 0.939428
vt 0.093021 0.186389
vt 0.093507 0.184120
vt 0.435526 0.277745
vt 0.762090 0.723617
vt 0.816141 0.721855
vt 0.993436 0.940356
vt 0.524426 0.183865
vt 0.525450 0.181911
vt 0.106187 0.578027
vt 0.155203 0.185242
vt 0.154246 0.181792
vt 0.018487 0.186365
vt 0.358509 0.649713
vt 0.020854 0.060784
vt 0.563014 0.059100
vt 0.562576 0.056980
vt 0.857055 0.832054
vt 0.513144 0.057987
vt 0.963117 0.834507
vt 0.915845 0.832320
vt 0.116811 0.061188
vt 0.117299 0.059041
vt 0.167636 0.054303
vt 0.166960 0.052236
vt 0.018927 0.127958
vt 0.018526 0.125842
vt 0.019766 0.582013
vt 0.006883 0.299156
vt 0.005991 0.289413
vt 0.017184 0.290953
vt 0.006597 0.304197
vt 0.005618 0.313493
vt 0.005084 0.318874
vt 0.636640 0.601056
vt 0.009265 0.304197
vt 0.006708 0.306893
vt 0.624818 0.601056
vt 0.015404 0.606991
vt 0.004680 0.606991
vt 0.628144 0.622785
vt 0.005464 0.582421
vt 0.634845 0.607102
vt 0.005873 0.591407
vt 0.004742 0.601117
vt 0.004589 0.201092
vt 0.006279 0.197369
vt 0.654514 0.115364
vt 0.654252 0.113368
vt 0.009457 0.244054
vt 0.012871 0.243168
vt 0.011273 0.245856
vt 0.020479 0.243170
vt 0.020802 0.240510
vt 0.022425 0.245573
vt 0.006326 0.116546
vt 0.015965 0.116587
vt 0.014926 0.114583
vt 0.626181 0.627791
vt 0.623815 0.627791
vt 0.345753 0.664631
vt 0.343038 0.664038
vt 0.344638 0.662245
vt 0.655041 0.067226
vt 0.614237 0.626854
vt 0.627380 0.578995
vt 0.626688 0.577651
vt 0.356239 0.708286
vt 0.357351 0.710688
vt 0.674804 0.201400
vt 0.639704 0.327755
vt 0.642255 0.329835
vt 0.640371 0.330448
vt 0.637873 0.580341
vt 0.343467 0.708546
vt 0.346289 0.708286
vt 0.345158 0.710688
vt 0.661461 0.199612
vt 0.660992 0.198159
vt 0.631181 0.327755
vt 0.631267 0.324300
vt 0.946830 0.662014
vt 0.672852 0.242492
vt 0.675316 0.241155
vt 0.673573 0.243847
vt 0.649327 0.281355
vt 0.004496 0.625252
vt 0.959937 0.663727
vt 0.663008 0.242489
vt 0.662903 0.241374
vt 0.018739 0.070805
vt 0.018672 0.072863
vt 0.637918 0.278888
vt 0.015616 0.625739
vt 0.016770 0.627997
vt 0.017622 0.456366
vt 0.018209 0.457658
vt 0.947792 0.711468
vt 0.948094 0.710462
vt 0.004598 0.325436
vt 0.007430 0.577959
vt 0.008570 0.579631
vt 0.007746 0.456366
vt 0.005310 0.454739
vt 0.008005 0.454739
vt 0.957909 0.711468
vt 0.960214 0.710616
vt 0.958525 0.712749
vt 0.014790 0.325498
vt 0.015907 0.327617
vt 0.643271 0.410334
vt 0.007384 0.277903
vt 0.005272 0.278916
vt 0.006846 0.277074
vt 0.006628 0.409695
vt 0.004506 0.410467
vt 0.006089 0.408553
vt 0.652061 0.410334
vt 0.655432 0.407411
vt 0.652602 0.413008
vt 0.648930 0.455170
vt 0.661708 0.454525
vt 0.659409 0.458440
vt 0.662262 0.115396
vt 0.665136 0.115641
vt 0.663397 0.117761
vt 0.011675 0.240467
vt 0.672995 0.198163
vt 0.672554 0.239522
vt 0.629499 0.330448
vt 0.646668 0.305824
vt 0.640393 0.326867
vt 0.644064 0.305824
vt 0.647807 0.278888
vt 0.638457 0.279991
vt 0.636311 0.305824
vt 0.006271 0.327617
vt 0.016592 0.277074
vt 0.636150 0.577651
vt 0.006223 0.627997
vt 0.005189 0.579876
vt 0.017207 0.408553
vt 0.017080 0.456147
vt 0.007080 0.457658
vt 0.652699 0.406254
vt 0.643307 0.413885
vt 0.356979 0.662245
vt 0.346297 0.706492
vt 0.356391 0.706399
vt 0.958343 0.662014
vt 0.947172 0.712749
vt 0.947735 0.666575
vt 0.653387 0.117719
vt 0.666041 0.069448
vt 0.010996 0.070774
vt 0.008386 0.070443
vt 0.010309 0.068786
vt 0.664221 0.067264
vt 0.662343 0.113815
vt 0.019714 0.068826
vt 0.010577 0.073654
vt 0.004590 0.113659
vt 0.203097 0.746314
vt 0.043651 0.751232
vt 0.042258 0.746314
vt 0.802301 0.498065
vt 0.671213 0.560301
vt 0.671191 0.498065
vt 0.334546 0.813467
vt 0.203406 0.751231
vt 0.334525 0.751231
vt 0.202976 0.712418
vt 0.033863 0.717248
vt 0.032805 0.712418
vt 0.044291 0.813467
vt 0.203158 0.818381
vt 0.043100 0.818381
vt 0.202927 0.649711
vt 0.334086 0.712418
vt 0.671034 0.565215
vt 0.802015 0.594276
vt 0.670952 0.594276
vt 0.203091 0.717248
vt 0.334300 0.746314
vt 0.033480 0.649711
vt 0.962061 0.498065
vt 0.802171 0.493148
vt 0.963010 0.493148
vt 0.801909 0.464082
vt 0.670967 0.493148
vt 0.670833 0.464082
vt 0.802235 0.565215
vt 0.961377 0.560301
vt 0.962286 0.565215
vt 0.971140 0.464082
vt 0.801864 0.459252
vt 0.972038 0.459252
vt 0.664596 0.954289
vt 0.726490 0.956092
vt 0.724867 0.985613
vt 0.203222 0.847442
vt 0.334368 0.818381
vt 0.334286 0.847442
vt 0.670752 0.459252
vt 0.801852 0.396545
vt 0.694288 0.887854
vt 0.738615 0.861707
vt 0.747128 0.871941
vt 0.970430 0.594276
vt 0.745924 0.818292
vt 0.691349 0.802817
vt 0.748181 0.813721
vt 0.741409 0.855225
vt 0.743811 0.833749
vt 0.755874 0.835292
vt 0.736030 0.834288
vt 0.685499 0.832194
vt 0.738432 0.829325
vt 0.686972 0.863648
vt 0.736045 0.856939
vt 0.690483 0.887832
vt 0.691624 0.780327
vt 0.695427 0.780970
vt 0.547676 0.031797
vt 0.525774 0.030146
vt 0.527424 0.008245
vt 0.685994 0.859029
vt 0.681378 0.836795
vt 0.684968 0.836883
vt 0.686547 0.807667
vt 0.690375 0.807417
vt 0.990338 0.799109
vt 0.989695 0.845448
vt 0.989685 0.799000
vt 0.985698 0.717688
vt 0.986216 0.735154
vt 0.985704 0.735142
vt 0.790011 0.634156
vt 0.778663 0.634710
vt 0.778660 0.634178
vt 0.633405 0.638703
vt 0.650902 0.638180
vt 0.650915 0.638728
vt 0.123534 0.183768
vt 0.134241 0.201180
vt 0.123176 0.201277
vt 0.976604 0.358905
vt 0.994017 0.369614
vt 0.976879 0.370322
vt 0.990242 0.706339
vt 0.989684 0.717687
vt 0.989712 0.705723
vt 0.353451 0.923042
vt 0.342384 0.962441
vt 0.342384 0.923042
vt 0.761194 0.634694
vt 0.761202 0.634183
vt 0.697252 0.638812
vt 0.697352 0.638164
vt 0.712014 0.638713
vt 0.761195 0.638179
vt 0.761207 0.638690
vt 0.700368 0.638809
vt 0.709899 0.638194
vt 0.709557 0.638837
vt 0.430725 0.962441
vt 0.421713 0.923042
vt 0.430725 0.923042
vt 0.370604 0.962441
vt 0.370604 0.923042
vt 0.778664 0.638163
vt 0.711829 0.634727
vt 0.711822 0.638164
vt 0.790627 0.634686
vt 0.790628 0.638187
vt 0.986211 0.705722
vt 0.986217 0.845451
vt 0.700010 0.638184
vt 0.709898 0.634686
vt 0.989701 0.735156
vt 0.419560 0.962441
vt 0.419560 0.923042
vt 0.990238 0.784290
vt 0.990212 0.735147
vt 0.985680 0.706338
vt 0.986231 0.717685
vt 0.712061 0.634151
vt 0.790013 0.638718
vt 0.697241 0.634058
vt 0.650903 0.634701
vt 0.650917 0.634153
vt 0.985585 0.799098
vt 0.985669 0.845437
vt 0.990219 0.862945
vt 0.990242 0.845435
vt 0.927357 0.369619
vt 0.930451 0.358490
vt 0.633407 0.634178
vt 0.632870 0.634702
vt 0.778662 0.638696
vt 0.697350 0.634711
vt 0.986220 0.863481
vt 0.989695 0.863481
vt 0.632870 0.638178
vt 0.989663 0.784522
vt 0.985675 0.784338
vt 0.986225 0.784528
vt 0.497265 0.962441
vt 0.479751 0.923042
vt 0.497265 0.923042
vt 0.985694 0.862945
vt 0.479751 0.962441
vt 0.433579 0.923042
vt 0.700401 0.634061
vt 0.700019 0.634692
vt 0.990335 0.795950
vt 0.989705 0.786453
vt 0.990357 0.786811
vt 0.985587 0.795984
vt 0.986198 0.786453
vt 0.986212 0.796342
vt 0.989704 0.796333
vt 0.990216 0.717690
vt 0.433579 0.962441
vt 0.421713 0.962441
vt 0.986233 0.799000
vt 0.125392 0.135829
vt 0.136345 0.135172
vt 0.612084 0.983833
vt 0.594067 0.984128
vt 0.594089 0.983810
vt 0.956274 0.152897
vt 0.994741 0.106134
vt 0.994753 0.152881
vt 0.544589 0.970135
vt 0.534483 0.970655
vt 0.534639 0.970146
vt 0.472680 0.974673
vt 0.487805 0.974144
vt 0.487809 0.974648
vt 0.549056 0.152863
vt 0.536973 0.143656
vt 0.549088 0.135168
vt 0.747448 0.622227
vt 0.732237 0.610182
vt 0.747367 0.609761
vt 0.531472 0.970090
vt 0.487799 0.970690
vt 0.487802 0.970170
vt 0.994824 0.076145
vt 0.956274 0.088443
vt 0.956166 0.074171
vt 0.530873 0.983606
vt 0.487210 0.984208
vt 0.487210 0.983683
vt 0.530884 0.988188
vt 0.487210 0.987662
vt 0.531089 0.987634
vt 0.612081 0.987847
vt 0.627144 0.987595
vt 0.626799 0.988143
vt 0.956284 0.165584
vt 0.994754 0.155864
vt 0.994763 0.165544
vt 0.547276 0.983681
vt 0.546983 0.984164
vt 0.956262 0.106142
vt 0.994723 0.088436
vt 0.612086 0.987555
vt 0.594069 0.987590
vt 0.546977 0.987621
vt 0.612084 0.984116
vt 0.627545 0.984099
vt 0.625693 0.974059
vt 0.612679 0.970586
vt 0.625879 0.970545
vt 0.531681 0.974114
vt 0.533896 0.987620
vt 0.544194 0.984167
vt 0.544199 0.987619
vt 0.594657 0.970591
vt 0.612681 0.974021
vt 0.594656 0.974054
vt 0.625201 0.974498
vt 0.477443 0.988181
vt 0.487210 0.988173
vt 0.612631 0.970222
vt 0.594676 0.970264
vt 0.531469 0.974672
vt 0.547815 0.970169
vt 0.547563 0.970633
vt 0.547864 0.974572
vt 0.594672 0.974382
vt 0.625364 0.970129
vt 0.612622 0.974397
vt 0.544784 0.974091
vt 0.534493 0.974095
vt 0.544003 0.988125
vt 0.531085 0.984165
vt 0.473040 0.970708
vt 0.472355 0.974160
vt 0.477832 0.984200
vt 0.477143 0.987652
vt 0.547570 0.974090
vt 0.547229 0.988083
vt 0.594093 0.987908
vt 0.478081 0.983645
vt 0.956365 0.221980
vt 0.994828 0.212149
vt 0.994851 0.226646
vt 0.544573 0.974604
vt 0.543980 0.983654
vt 0.533901 0.984180
vt 0.534076 0.983661
vt 0.546699 0.201428
vt 0.536222 0.196391
vt 0.473312 0.970165
vt 0.956350 0.212206
vt 0.994766 0.168524
vt 0.531677 0.970646
vt 0.956288 0.168573
vt 0.956276 0.155891
vt 0.544785 0.970639
vt 0.534669 0.974612
vt 0.534053 0.988129
vt 0.793765 0.610510
vt 0.794134 0.622256
vt 0.976607 0.792881
vt 0.976023 0.840040
vt 0.976025 0.792665
vt 0.987653 0.470006
vt 0.988205 0.479894
vt 0.987641 0.479656
vt 0.987649 0.482659
vt 0.988154 0.555721
vt 0.987639 0.555260
vt 0.992226 0.482683
vt 0.991578 0.555394
vt 0.991661 0.482447
vt 0.139891 0.082185
vt 0.128689 0.079829
vt 0.128689 0.005408
vt 0.987639 0.467126
vt 0.988250 0.419948
vt 0.988215 0.467331
vt 0.703507 0.900634
vt 0.716615 0.939138
vt 0.703542 0.939147
vt 0.972129 0.867385
vt 0.972528 0.881254
vt 0.972038 0.880725
vt 0.802814 0.900689
vt 0.793412 0.939199
vt 0.793413 0.900689
vt 0.972571 0.840034
vt 0.972604 0.792659
vt 0.976587 0.777311
vt 0.976079 0.703647
vt 0.976583 0.704123
vt 0.743834 0.900648
vt 0.716615 0.900627
vt 0.972030 0.792864
vt 0.972120 0.839898
vt 0.972564 0.867395
vt 0.976014 0.881214
vt 0.991681 0.392593
vt 0.988271 0.378714
vt 0.991721 0.378659
vt 0.976021 0.780101
vt 0.972604 0.790218
vt 0.972602 0.780098
vt 0.988205 0.482443
vt 0.992105 0.392603
vt 0.992220 0.379180
vt 0.991686 0.419953
vt 0.976451 0.867385
vt 0.976010 0.867399
vt 0.972049 0.777331
vt 0.972618 0.703972
vt 0.972604 0.777549
vt 0.987850 0.392602
vt 0.988280 0.392587
vt 0.992255 0.467115
vt 0.992130 0.420091
vt 0.987806 0.420093
vt 0.991671 0.469782
vt 0.991666 0.479892
vt 0.972040 0.789984
vt 0.976022 0.777544
vt 0.805553 0.939198
vt 0.878017 0.900640
vt 0.878321 0.939152
vt 0.720452 0.611529
vt 0.718980 0.622957
vt 0.644355 0.610005
vt 0.976590 0.789965
vt 0.976594 0.780355
vt 0.992241 0.470032
vt 0.976476 0.839907
vt 0.790760 0.900688
vt 0.743832 0.939158
vt 0.976019 0.790216
vt 0.802815 0.939199
vt 0.790759 0.939198
vt 0.991675 0.467334
vt 0.988215 0.469773
vt 0.972036 0.780334
vt 0.406225 0.992984
vt 0.455049 0.992244
vt 0.455035 0.992974
vt 0.386380 0.972479
vt 0.435142 0.973084
vt 0.386168 0.973239
vt 0.447447 0.976959
vt 0.462585 0.976552
vt 0.462174 0.977407
vt 0.800826 0.952448
vt 0.799829 0.963088
vt 0.750720 0.949931
vt 0.977245 0.248087
vt 0.989363 0.235746
vt 0.989497 0.248562
vt 0.746654 0.963000
vt 0.738873 0.950521
vt 0.317552 0.992677
vt 0.330715 0.992199
vt 0.330710 0.992854
vt 0.508047 0.923144
vt 0.520313 0.961056
vt 0.506416 0.961297
vt 0.391520 0.988043
vt 0.342737 0.988773
vt 0.342735 0.988105
vt 0.371681 0.977414
vt 0.322861 0.976839
vt 0.371934 0.976680
vt 0.580647 0.923269
vt 0.532180 0.961072
vt 0.532057 0.923376
vt 0.592143 0.960934
vt 0.583311 0.923261
vt 0.592055 0.923238
vt 0.406236 0.988068
vt 0.455048 0.988865
vt 0.405962 0.988806
vt 0.520380 0.923443
vt 0.447419 0.976442
vt 0.435148 0.976557
vt 0.386165 0.976642
vt 0.447418 0.973019
vt 0.463221 0.973076
vt 0.316976 0.988791
vt 0.316710 0.992172
vt 0.405972 0.992244
vt 0.374042 0.976696
vt 0.383777 0.973229
vt 0.383788 0.976672
vt 0.342729 0.992221
vt 0.330727 0.988812
vt 0.467285 0.988339
vt 0.455032 0.988320
vt 0.394501 0.993037
vt 0.403862 0.992263
vt 0.403502 0.993034
vt 0.386370 0.977394
vt 0.435165 0.977135
vt 0.447456 0.972532
vt 0.435153 0.972506
vt 0.330725 0.988155
vt 0.317579 0.988036
vt 0.317476 0.977482
vt 0.322876 0.977489
vt 0.342729 0.992889
vt 0.403854 0.988785
vt 0.394112 0.992269
vt 0.394120 0.988785
vt 0.374404 0.977465
vt 0.383401 0.977442
vt 0.643134 0.960790
vt 0.594442 0.923231
vt 0.643064 0.923095
vt 0.467484 0.992994
vt 0.467978 0.992239
vt 0.371634 0.972527
vt 0.322854 0.973450
vt 0.322871 0.972661
vt 0.371910 0.973281
vt 0.468005 0.988881
vt 0.317888 0.973439
vt 0.316861 0.976823
vt 0.391730 0.992248
vt 0.391737 0.988809
vt 0.391528 0.993006
vt 0.648548 0.960769
vt 0.655527 0.923060
vt 0.374410 0.972477
vt 0.374034 0.973256
vt 0.394528 0.988010
vt 0.318260 0.972619
vt 0.403477 0.988009
vt 0.594521 0.960927
vt 0.580759 0.960965
vt 0.583412 0.960957
vt 0.383367 0.972454
vt 0.927290 0.246728
vt 0.929166 0.235892
vt 0.946438 0.082899
vt 0.933651 0.087718
vt 0.933651 0.082899
vt 0.946438 0.138010
vt 0.933651 0.142830
vt 0.933651 0.138010
vt 0.946438 0.165567
vt 0.933651 0.170387
vt 0.933651 0.165567
vt 0.933651 0.115275
vt 0.946438 0.115275
vt 0.311157 0.928645
vt 0.312778 0.889143
vt 0.329365 0.890153
vt 0.129042 0.933642
vt 0.307111 0.928645
vt 0.307450 0.933642
vt 0.307110 0.890011
vt 0.129040 0.885017
vt 0.307449 0.885017
vt 0.129215 0.956126
vt 0.307711 0.995514
vt 0.129218 0.995514
vt 0.129188 0.951289
vt 0.004489 0.933642
vt 0.307682 0.951289
vt 0.307714 0.956126
vt 0.672461 0.850751
vt 0.547765 0.868398
vt 0.547908 0.850751
vt 0.004487 0.890011
vt 0.128878 0.928645
vt 0.004487 0.928645
vt 0.547904 0.802126
vt 0.672457 0.784487
vt 0.672457 0.802126
vt 0.004491 0.956126
vt 0.369836 0.845754
vt 0.369498 0.850751
vt 0.349002 0.806253
vt 0.365786 0.807120
vt 0.364165 0.846621
vt 0.547759 0.784487
vt 0.369494 0.802126
vt 0.369261 0.784487
vt 0.369268 0.868398
vt 0.547739 0.873235
vt 0.369239 0.873235
vt 0.004485 0.867378
vt 0.004485 0.885017
vt 0.369835 0.807120
vt 0.672463 0.912623
vt 0.547737 0.912623
vt 0.672459 0.845754
vt 0.548069 0.807120
vt 0.672459 0.807120
vt 0.691733 0.892625
vt 0.695602 0.892524
vt 0.129185 0.867378
vt 0.307716 0.862549
vt 0.307681 0.867378
vt 0.128878 0.890011
vt 0.750104 0.876150
vt 0.683444 0.864512
vt 0.946438 0.193122
vt 0.933651 0.193122
vt 0.334167 0.717248
vt 0.687601 0.802519
vt 0.681899 0.831667
vt 0.203184 0.852267
vt 0.203419 0.813467
vt 0.672461 0.868398
vt 0.672463 0.873235
vt 0.751328 0.791564
vt 0.801999 0.599102
vt 0.670924 0.599102
vt 0.971299 0.396545
vt 0.548069 0.845754
vt 0.129214 0.862549
vt 0.946438 0.110454
vt 0.933651 0.110454
vt 0.672457 0.779658
vt 0.009465 0.750514
vt 0.039073 0.751231
vt 0.037828 0.814265
vt 0.009987 0.814265
vt 0.004968 0.813270
vt 0.008538 0.813270
vt 0.525867 0.035561
vt 0.522009 0.031704
vt 0.311079 0.933237
vt 0.039596 0.813467
vt 0.040166 0.818017
vt 0.004493 0.751624
vt 0.008458 0.746806
vt 0.311157 0.890011
vt 0.311077 0.885418
vt 0.039584 0.746806
vt 0.525774 0.009896
vt 0.525866 0.004479
vt 0.327941 0.929511
vt 0.333430 0.928501
vt 0.329623 0.933237
vt 0.753955 0.856784
vt 0.758652 0.856701
vt 0.754407 0.860600
vt 0.740558 0.860728
vt 0.549327 0.030145
vt 0.549235 0.035561
vt 0.329621 0.885418
vt 0.333428 0.890153
vt 0.754029 0.833603
vt 0.758652 0.833721
vt 0.741405 0.835679
vt 0.740531 0.830328
vt 0.547676 0.008244
vt 0.553093 0.008335
vt 0.549327 0.009895
vt 0.009018 0.818017
vt 0.037288 0.750514
vt 0.755882 0.854933
vt 0.743740 0.857015
vt 0.754391 0.829953
vt 0.549235 0.004479
vt 0.553091 0.031703
vt 0.527425 0.031797
vt 0.327939 0.889143
vt 0.329367 0.928501
vt 0.312780 0.929511
vt 0.034808 0.847442
vt 0.033755 0.852267
vt 0.343513 0.807263
vt 0.347320 0.802527
vt 0.365786 0.845754
vt 0.365866 0.850347
vt 0.365865 0.802527
vt 0.349003 0.846621
vt 0.343514 0.845612
vt 0.347578 0.845612
vt 0.364164 0.806253
vt 0.347321 0.850347
vt 0.547730 0.779658
vt 0.369226 0.779658
vt 0.663010 0.983887
vt 0.663077 0.988734
vt 0.659185 0.984712
vt 0.659180 0.953852
vt 0.663012 0.949924
vt 0.726560 0.983915
vt 0.726466 0.988751
vt 0.724791 0.954296
vt 0.730166 0.953855
vt 0.662916 0.956068
vt 0.664730 0.985598
vt 0.726309 0.949926
vt 0.730340 0.984725
vt 0.971430 0.599102
vt 0.957551 0.710616
vt 0.007919 0.202988
vt 0.655618 0.070828
vt 0.811773 0.154050
vt 0.758581 0.226445
vt 0.758581 0.153734
vt 0.811773 0.232609
vt 0.758581 0.262597
vt 0.758581 0.232193
vt 0.700932 0.231396
vt 0.700932 0.265964
vt 0.697526 0.349174
vt 0.660836 0.345772
vt 0.918343 0.148008
vt 0.865034 0.227210
vt 0.865034 0.149676
vt 0.918343 0.262964
vt 0.865034 0.231642
vt 0.918343 0.230797
vt 0.811773 0.263135
vt 0.700932 0.228175
vt 0.700932 0.148805
vt 0.958473 0.266466
vt 0.955055 0.349457
vt 0.918343 0.345780
vt 0.758581 0.341960
vt 0.700931 0.345332
vt 0.811773 0.226961
vt 0.865034 0.348568
vt 0.918343 0.382623
vt 0.865034 0.380415
vt 0.865034 0.267485
vt 0.811773 0.340255
vt 0.811773 0.269120
vt 0.811773 0.375798
vt 0.758581 0.347266
vt 0.811773 0.346180
vt 0.700931 0.381383
vt 0.700931 0.348842
vt 0.918343 0.266693
vt 0.865034 0.344146
vt 0.787947 0.840404
vt 0.785457 0.861065
vt 0.770234 0.859772
vt 0.758581 0.268389
vt 0.845602 0.861340
vt 0.846395 0.885389
vt 0.842653 0.886069
vt 0.793315 0.860367
vt 0.790862 0.865373
vt 0.835927 0.802117
vt 0.779868 0.821709
vt 0.776672 0.817464
vt 0.843524 0.830689
vt 0.793318 0.838590
vt 0.790653 0.833850
vt 0.841028 0.806651
vt 0.837192 0.806647
vt 0.849460 0.856562
vt 0.844425 0.835339
vt 0.848000 0.834895
vt 0.976974 0.613844
vt 0.974596 0.635636
vt 0.952760 0.633226
vt 0.830685 0.781439
vt 0.769867 0.797057
vt 0.839648 0.801582
vt 0.834443 0.780556
vt 0.694301 0.070701
vt 0.677339 0.064343
vt 0.683935 0.046447
vt 0.992878 0.635785
vt 0.980131 0.640741
vt 0.980060 0.635678
vt 0.994676 0.690838
vt 0.982105 0.696201
vt 0.981902 0.691368
vt 0.993782 0.608265
vt 0.980784 0.612537
vt 0.981010 0.607679
vt 0.980951 0.668583
vt 0.993727 0.668097
vt 0.699851 0.071187
vt 0.755977 0.075954
vt 0.698950 0.076013
vt 0.944379 0.066419
vt 0.926546 0.069497
vt 0.923145 0.050765
vt 0.755988 0.094881
vt 0.699885 0.099764
vt 0.698965 0.094943
vt 0.866833 0.004572
vt 0.917776 0.023472
vt 0.866944 0.023511
vt 0.811455 0.023619
vt 0.756076 0.004572
vt 0.811455 0.004699
vt 0.923026 0.099762
vt 0.866922 0.094885
vt 0.923946 0.094941
vt 0.916838 0.028251
vt 0.866932 0.075958
vt 0.923055 0.071184
vt 0.923959 0.076011
vt 0.706027 0.047126
vt 0.755921 0.052183
vt 0.705067 0.051887
vt 0.811454 0.052167
vt 0.866938 0.071132
vt 0.811454 0.071092
vt 0.811455 0.094843
vt 0.811455 0.075916
vt 0.755971 0.071129
vt 0.811454 0.028431
vt 0.866979 0.047323
vt 0.811454 0.047351
vt 0.755958 0.028360
vt 0.755930 0.047322
vt 0.706070 0.028252
vt 0.781888 0.878879
vt 0.842171 0.890896
vt 0.779799 0.883554
vt 0.845998 0.890324
vt 0.755965 0.023510
vt 0.865034 0.263310
vt 0.845859 0.856609
vt 0.849225 0.861628
vt 0.705133 0.023472
vt 0.866987 0.052185
vt 0.916882 0.047125
vt 0.917840 0.051885
vt 0.758581 0.381626
vt 0.758581 0.376788
vt 0.700931 0.386127
vt 0.811454 0.099662
vt 0.866937 0.099705
vt 0.865034 0.385217
vt 0.811773 0.380646
vt 0.755974 0.099700
vt 0.918343 0.387409
vt 0.866951 0.028362
vt 0.847075 0.829896
vt 0.993541 0.663258
vt 0.980762 0.663649
vt 0.918343 0.227054
vt 0.918343 0.349786
vt 0.700932 0.262946
vt 0.982078 0.584954
vt 0.994850 0.585551
vt 0.993553 0.613089
vt 0.927831 0.074156
vt 0.977122 0.608451
vt 0.696361 0.069500
vt 0.695073 0.074158
vt 0.920487 0.047019
vt 0.772127 0.861446
vt 0.767613 0.861335
vt 0.787937 0.859063
vt 0.788777 0.864391
vt 0.952672 0.638632
vt 0.948948 0.634650
vt 0.678854 0.044622
vt 0.683591 0.041860
vt 0.772262 0.839109
vt 0.767618 0.839207
vt 0.771990 0.835241
vt 0.945568 0.064340
vt 0.946765 0.069045
vt 0.788742 0.834876
vt 0.676139 0.069047
vt 0.673457 0.064168
vt 0.953466 0.612993
vt 0.953755 0.607588
vt 0.955173 0.611407
vt 0.699761 0.050767
vt 0.700909 0.052910
vt 0.976302 0.634058
vt 0.976044 0.639438
vt 0.938972 0.046444
vt 0.944053 0.044620
vt 0.941061 0.047711
vt 0.772008 0.865068
vt 0.770229 0.841054
vt 0.785596 0.838656
vt 0.954354 0.634929
vt 0.681846 0.047713
vt 0.702422 0.047021
vt 0.949448 0.064167
vt 0.922000 0.052907
vt 0.664233 0.262176
vt 0.921802 0.263049
vt 0.700049 0.004496
vt 0.928604 0.070699
vt 0.975402 0.612130
vt 0.678526 0.066420
vt 0.949763 0.611299
vt 0.939317 0.041858
vt 0.522009 0.008336
vt 0.575355 0.257018
vt 0.098860 0.245411
vt 0.157643 0.243270
vt 0.154109 0.244137
vt 0.578008 0.244119
vt 0.156931 0.255113
vt 0.572731 0.327543
vt 0.101730 0.254259
vt 0.521154 0.255230
vt 0.092223 0.181021
vt 0.097618 0.244465
vt 0.156549 0.136659
vt 0.887312 0.983161
vt 0.522381 0.176498
vt 0.523863 0.244386
vt 0.583166 0.140589
vt 0.522750 0.327004
vt 0.781023 0.113027
vt 0.524215 0.325602
vt 0.525590 0.337586
vt 0.571548 0.357036
vt 0.571591 0.337678
vt 0.848831 0.111809
vt 0.909441 0.626076
vt 0.159743 0.326929
vt 0.158758 0.352318
vt 0.160793 0.335622
vt 0.569149 0.326395
vt 0.114487 0.326879
vt 0.116501 0.339037
vt 0.637490 0.385499
vt 0.611567 0.524251
vt 0.626942 0.546311
vt 0.434414 0.710101
vt 0.477528 0.711099
vt 0.816067 0.711099
vt 0.863627 0.710462
vt 0.805284 0.625492
vt 0.860082 0.686269
vt 0.810540 0.950660
vt 0.474275 0.697809
vt 0.431700 0.731296
vt 0.430125 0.725752
vt 0.474836 0.720756
vt 0.818778 0.745610
vt 0.979852 0.033330
vt 0.819242 0.711387
vt 0.861135 0.745237
vt 0.862490 0.721970
vt 0.559565 0.125799
vt 0.168944 0.004481
vt 0.560283 0.116358
vt 0.014374 0.014405
vt 0.906699 0.781944
vt 0.563899 0.054638
vt 0.564513 0.009132
vt 0.512552 0.005614
vt 0.509761 0.115144
vt 0.857047 0.834167
vt 0.115703 0.012336
vt 0.118437 0.118327
vt 0.166700 0.113786
vt 0.017211 0.141285
vt 0.428402 0.649713
vt 0.509013 0.128373
vt 0.572925 0.336892
vt 0.168904 0.126942
vt 0.029965 0.338476
vt 0.029189 0.266611
vt 0.655012 0.011004
vt 0.118363 0.128377
vt 0.630981 0.613984
vt 0.613646 0.627791
vt 0.662371 0.243843
vt 0.802326 0.560301
vt 0.334057 0.649711
vt 0.670724 0.396545
vt 0.682430 0.859456
vt 0.134951 0.184042
vt 0.994114 0.358548
vt 0.353451 0.962441
vt 0.928010 0.371718
vt 0.928666 0.360765
vt 0.709540 0.634034
vt 0.985555 0.786795
vt 0.123117 0.137614
vt 0.134246 0.134519
vt 0.536590 0.152781
vt 0.729753 0.622257
vt 0.627165 0.983569
vt 0.549086 0.199549
vt 0.537340 0.199181
vt 0.790976 0.609392
vt 0.796013 0.619868
vt 0.992110 0.554954
vt 0.141972 0.007918
vt 0.141972 0.080343
vt 0.130504 0.081816
vt 0.128689 0.032729
vt 0.976514 0.880695
vt 0.972098 0.704425
vt 0.987764 0.379224
vt 0.805553 0.900688
vt 0.671560 0.609393
vt 0.718474 0.609716
vt 0.720816 0.620877
vt 0.645934 0.622956
vt 0.992238 0.479641
vt 0.799256 0.950283
vt 0.801198 0.961107
vt 0.751272 0.962777
vt 0.977717 0.235238
vt 0.462572 0.972353
vt 0.928658 0.248701
vt 0.927609 0.238068
vt 0.946438 0.087718
vt 0.946438 0.142830
vt 0.946438 0.170387
vt 0.004489 0.951289
vt 0.004491 0.995514
vt 0.347577 0.807263
vt 0.334258 0.852267
vt 0.369242 0.912623
vt 0.004485 0.862549
vt 0.008048 0.751624
vt 0.660836 0.265587
vt 0.697506 0.262168
vt 0.664254 0.349182
vt 0.955074 0.263057
vt 0.958473 0.346047
vt 0.921784 0.349450
vt 0.992915 0.640543
vt 0.994880 0.695669
vt 0.922859 0.004496
s 1
usemtl TableComb
f 490/1/1 108/2/2 105/3/3
f 88/4/4 65/5/5 68/6/6
f 128/7/7 508/8/8 506/9/9
f 510/10/10 123/11/11 512/12/12
f 110/13/13 497/14/14 500/15/15
f 122/16/16 516/17/17 514/18/18
f 102/19/19 93/20/20 96/21/21
f 112/22/22 89/23/23 114/24/24
f 84/25/25 114/24/24 103/26/26
f 121/27/27 5/28/28 85/29/29
f 494/30/30 115/31/31 496/32/32
f 108/2/2 72/33/33 105/3/3
f 4/34/34 112/35/22 70/36/35
f 135/37/36 66/38/37 133/39/38
f 70/36/35 88/4/4 68/6/6
f 504/40/39 124/41/40 510/42/10
f 522/43/41 171/44/42 524/45/43
f 99/46/44 136/47/45 131/48/46
f 119/49/47 104/50/48 113/51/49
f 98/52/50 102/19/19 96/21/21
f 505/53/51 501/54/52 503/55/53
f 4/34/34 1/56/54 3/57/55
f 67/58/56 94/59/57 69/60/58
f 8/61/59 65/5/5 129/62/60
f 66/38/37 95/63/61 67/58/56
f 136/47/45 74/64/62 131/48/46
f 107/65/63 116/66/64 2/67/65
f 71/68/66 3/69/55 1/70/54
f 82/71/67 8/72/59 6/73/68
f 132/74/69 91/75/70 100/76/71
f 75/77/72 90/78/73 72/79/33
f 110/13/13 71/80/66 1/81/54
f 86/82/74 126/83/75 127/84/76
f 79/85/77 117/86/78 118/87/79
f 2/88/65 79/89/77 76/90/80
f 135/37/36 134/91/81 8/92/59
f 7/93/82 85/94/29 5/95/28
f 90/96/73 119/49/47 113/51/49
f 91/75/70 101/97/83 100/76/71
f 81/98/84 74/99/62 77/100/85
f 73/101/86 129/102/60 130/103/87
f 87/104/88 103/26/26 101/97/83
f 82/105/67 123/106/11 124/41/40
f 6/107/68 7/108/82 5/109/28
f 69/60/58 120/110/89 118/87/79
f 527/111/90 531/112/91 525/113/92
f 451/114/93 433/115/94 446/116/95
f 18/117/96 17/118/97 20/119/98
f 200/120/99 440/121/100 441/122/101
f 167/123/102 151/124/103 149/125/104
f 189/126/105 22/127/106 148/128/107
f 196/129/108 548/130/109 546/131/110
f 430/132/111 446/116/95 433/115/94
f 524/45/43 21/133/112 427/134/113
f 190/135/114 146/136/115 169/137/116
f 147/138/117 144/139/118 146/136/115
f 189/126/105 532/140/119 530/141/120
f 155/142/121 26/143/122 25/144/123
f 164/145/124 151/124/103 165/146/125
f 186/147/126 140/148/127 179/149/128
f 26/143/122 193/150/129 154/151/130
f 22/127/106 167/123/102 149/125/104
f 200/120/99 435/152/131 536/153/132
f 29/154/133 31/155/134 32/156/135
f 32/156/135 184/157/136 162/158/137
f 178/159/138 168/160/139 19/161/140
f 163/162/141 160/163/142 162/158/137
f 170/164/143 24/165/144 23/166/145
f 145/167/146 158/168/147 177/169/148
f 159/170/149 143/171/150 141/172/151
f 139/173/152 194/174/153 180/175/154
f 27/176/155 138/177/156 28/178/157
f 188/179/158 434/180/159 438/181/160
f 537/182/161 533/183/162 535/184/163
f 198/185/164 443/186/165 447/187/166
f 200/120/99 188/179/158 438/181/160
f 436/188/167 448/189/168 444/190/169
f 16/191/170 17/192/97 19/193/140
f 20/194/98 14/195/171 18/196/96
f 176/197/172 16/198/170 19/199/140
f 24/200/144 10/201/173 23/202/145
f 14/203/171 177/169/148 178/204/138
f 21/205/112 16/191/170 22/206/106
f 20/207/98 174/208/174 23/166/145
f 30/209/175 192/210/176 197/211/177
f 30/212/175 12/213/178 31/214/134
f 32/215/135 11/216/179 29/217/133
f 445/218/180 195/219/181 452/220/182
f 11/216/179 27/221/155 28/222/157
f 12/223/178 183/224/183 184/225/136
f 12/213/178 25/226/123 26/227/122
f 32/228/135 186/147/126 27/176/155
f 195/219/181 432/229/184 548/130/109
f 166/230/185 157/231/186 160/163/142
f 144/139/118 152/232/187 142/233/188
f 159/170/149 140/148/127 161/234/189
f 195/219/181 155/142/121 25/144/123
f 28/178/157 188/179/158 191/235/190
f 172/236/191 15/237/192 21/133/112
f 518/238/193 23/166/145 174/208/174
f 541/239/194 545/240/195 547/241/196
f 538/242/197 197/211/177 540/243/198
f 427/134/113 189/126/105 530/141/120
f 180/175/154 156/244/199 137/245/200
f 182/246/201 13/247/202 30/248/175
f 137/245/200 196/129/108 187/249/203
f 142/233/188 153/250/204 139/173/152
f 188/179/158 542/251/205 429/252/206
f 198/185/164 452/220/182 195/219/181
f 466/253/207 463/254/208 254/255/209
f 11/256/179 191/235/190 192/257/176
f 561/258/210 557/259/211 559/260/212
f 442/261/213 449/262/214 448/189/168
f 439/263/215 451/114/93 449/262/214
f 450/264/216 198/185/164 447/187/166
f 426/265/217 170/164/143 23/166/145
f 562/266/218 467/267/219 255/268/220
f 480/269/221 478/270/222 484/271/223
f 202/272/224 461/273/225 466/253/207
f 204/274/226 255/268/220 472/275/227
f 207/276/228 233/277/229 231/278/230
f 457/279/231 246/280/232 570/281/233
f 463/254/208 560/282/234 254/255/209
f 569/283/235 565/284/236 567/285/237
f 255/268/220 244/286/238 216/287/239
f 466/253/207 254/255/209 202/272/224
f 551/288/240 555/289/241 549/290/242
f 471/291/243 462/292/244 470/293/245
f 219/294/246 241/295/247 239/296/248
f 479/297/249 252/298/250 246/280/232
f 554/299/251 204/274/226 556/300/252
f 252/298/250 236/301/253 246/280/232
f 221/302/254 236/301/253 223/303/255
f 221/302/254 239/296/248 237/304/256
f 483/305/257 580/306/258 252/298/250
f 480/269/221 460/307/259 476/308/260
f 220/309/261 208/310/262 210/311/263
f 247/312/264 459/313/265 568/314/266
f 233/277/229 250/315/267 247/312/264
f 468/316/268 465/317/269 471/291/243
f 212/318/270 220/309/261 210/311/263
f 214/319/271 218/320/272 212/318/270
f 256/321/273 214/319/271 253/322/274
f 250/315/267 473/323/275 477/324/276
f 242/325/277 226/326/278 228/327/279
f 491/328/280 487/329/281 489/330/282
f 245/331/283 234/332/284 248/333/285
f 234/332/284 238/334/286 232/335/287
f 232/335/287 240/336/288 230/337/289
f 240/336/288 228/327/279 230/337/289
f 217/338/290 244/286/238 241/295/247
f 211/339/291 225/340/292 213/341/293
f 227/342/294 209/343/295 229/344/296
f 209/343/295 231/278/230 229/344/296
f 205/345/297 251/346/298 249/347/299
f 255/268/220 564/348/300 562/266/218
f 247/312/264 250/315/267 475/349/301
f 573/350/302 577/351/303 579/352/304
f 251/346/298 580/306/258 578/353/305
f 254/255/209 225/340/292 202/272/224
f 484/271/223 474/354/306 482/355/307
f 464/356/308 456/357/309 454/358/310
f 222/359/311 205/345/297 208/310/262
f 226/326/278 203/360/312 201/361/313
f 570/281/233 245/331/283 572/362/314
f 586/363/315 295/364/316 588/365/317
f 469/366/318 204/274/226 472/275/227
f 472/275/227 255/268/220 467/267/219
f 581/367/319 585/368/320 587/369/321
f 259/370/322 276/371/323 258/372/324
f 288/373/325 604/374/326 602/375/327
f 296/376/328 584/377/329 277/378/330
f 606/379/331 258/372/324 608/380/332
f 268/381/333 596/382/334 594/383/335
f 276/371/323 612/384/336 610/385/337
f 293/386/338 277/378/330 279/387/339
f 275/388/340 289/389/341 288/373/325
f 272/390/342 289/389/341 273/391/343
f 269/392/344 292/393/345 272/390/342
f 266/394/346 592/395/347 590/396/348
f 269/392/344 295/364/316 294/397/349
f 266/394/346 270/398/350 264/399/351
f 270/398/350 261/400/352 264/399/351
f 271/401/353 259/370/322 261/400/352
f 257/402/354 600/403/355 285/404/356
f 335/405/357 620/406/358 618/407/359
f 287/408/360 283/409/361 286/410/362
f 283/409/361 291/411/363 282/412/364
f 282/412/364 293/386/338 279/387/339
f 607/413/365 611/414/366 605/415/367
f 263/416/368 278/417/369 265/418/370
f 263/416/368 281/419/371 280/420/372
f 260/421/373 281/419/371 262/422/374
f 257/402/354 284/423/375 260/421/373
f 335/405/357 616/424/376 341/425/377
f 53/426/378 56/427/379 54/428/380
f 41/429/381 329/430/382 42/431/383
f 331/432/384 41/429/381 40/433/385
f 332/434/386 626/435/387 628/436/388
f 321/437/389 636/438/390 634/439/391
f 44/440/392 342/441/393 43/442/394
f 49/443/395 324/444/396 352/445/397
f 42/431/383 329/430/382 328/446/398
f 305/447/399 324/444/396 308/448/400
f 327/449/401 312/450/402 314/451/403
f 304/452/404 326/453/405 305/447/399
f 48/454/406 303/455/407 339/456/408
f 51/457/409 317/458/410 345/459/411
f 303/455/407 299/460/412 302/461/413
f 348/462/414 632/463/415 320/464/416
f 322/465/417 349/466/418 319/467/419
f 351/468/420 318/469/421 349/466/418
f 323/470/422 315/471/423 318/469/421
f 330/472/424 341/425/377 312/450/402
f 631/473/425 635/474/426 629/475/427
f 340/476/428 313/477/429 311/478/430
f 301/479/431 316/480/432 313/477/429
f 54/428/380 297/481/433 307/482/434
f 300/483/435 317/458/410 316/480/432
f 309/484/436 644/485/437 642/486/438
f 48/487/406 40/488/385 39/489/439
f 47/490/440 37/491/441 46/492/442
f 47/493/440 45/494/443 48/454/406
f 50/495/444 309/496/436 55/497/445
f 34/498/446 43/499/394 37/491/441
f 42/431/383 334/500/447 48/501/406
f 42/502/383 40/488/385 41/503/381
f 43/442/394 338/504/448 46/505/442
f 34/506/446 339/507/408 340/476/428
f 38/508/449 55/509/445 53/510/378
f 33/511/450 54/512/380 56/513/379
f 650/514/451 379/515/452 652/516/453
f 35/517/454 52/518/455 51/519/409
f 51/457/409 346/520/456 54/521/380
f 38/508/449 50/522/444 36/523/457
f 38/524/449 343/525/458 344/526/459
f 56/527/379 348/462/414 52/528/455
f 52/528/455 350/529/460 51/457/409
f 644/485/437 50/495/444 634/439/391
f 315/471/423 327/449/401 314/451/403
f 338/530/448 624/531/461 622/532/462
f 299/460/412 307/482/434 297/481/433
f 638/533/463 347/534/464 640/535/465
f 380/536/466 648/537/467 57/538/468
f 402/539/469 413/540/470 64/541/471
f 62/542/472 394/543/473 661/544/474
f 417/545/475 672/546/476 670/547/477
f 666/548/478 392/549/479 668/550/480
f 671/551/481 655/552/482 669/553/483
f 664/554/484 395/555/485 661/544/474
f 405/556/486 372/557/487 369/558/488
f 363/559/489 379/515/452 380/560/466
f 388/561/490 358/562/491 386/563/492
f 409/564/493 360/565/494 356/566/495
f 384/567/496 656/568/497 654/569/498
f 375/570/499 368/571/500 370/572/501
f 373/573/502 370/572/501 371/574/503
f 64/575/471 400/576/504 371/574/503
f 61/577/505 63/578/506 64/575/471
f 357/579/507 406/580/508 407/581/509
f 367/582/510 419/583/511 408/584/512
f 420/585/513 357/579/507 407/581/509
f 674/586/514 393/587/515 421/588/516
f 364/589/517 417/545/475 383/590/518
f 361/591/519 377/592/520 376/593/521
f 361/591/519 374/594/522 365/595/523
f 60/596/524 368/571/500 387/597/525
f 411/598/526 364/599/517 354/600/527
f 411/601/526 385/602/528 420/585/513
f 58/603/529 353/604/530 363/605/489
f 413/606/470 61/607/505 64/608/471
f 57/609/468 382/610/531 418/611/532
f 412/612/533 389/613/534 390/614/535
f 388/561/490 353/615/530 59/616/536
f 57/617/468 412/618/533 60/619/524
f 398/620/537 374/594/522 399/621/538
f 405/556/486 367/582/510 408/584/512
f 422/622/539 356/623/495 391/624/540
f 62/625/472 359/626/541 63/627/506
f 360/628/494 423/629/542 397/630/543
f 424/631/544 372/557/487 404/632/545
f 394/633/473 410/634/546 421/588/516
f 396/635/547 355/636/548 62/637/472
f 400/638/504 359/639/541 398/620/537
f 366/640/549 423/629/542 403/641/550
f 57/538/468 59/642/536 58/643/529
f 300/483/435 302/461/413 299/460/412
f 328/446/398 330/472/424 327/449/401
f 486/644/551 115/645/31 107/65/63
f 125/646/552 81/647/84 82/648/67
f 360/628/494 398/620/537 359/649/541
f 154/151/130 194/174/153 153/250/204
f 225/650/292 201/361/313 202/651/224
f 225/650/292 228/327/279 226/326/278
f 262/422/374 264/399/351 261/400/352
f 294/397/349 296/376/328 293/386/338
f 328/446/398 325/652/553 326/453/405
f 84/25/25 88/4/4 83/653/554
f 110/13/13 492/654/555 106/655/556
f 112/35/22 84/25/25 83/653/554
f 358/562/491 362/656/557 357/579/507
f 654/569/498 379/515/452 384/567/496
f 385/602/528 358/562/491 357/579/507
f 156/244/199 193/150/129 155/142/121
f 155/142/121 196/129/108 156/244/199
f 181/657/558 198/185/164 182/246/201
f 227/658/294 230/337/289 228/327/279
f 268/381/333 270/398/350 267/659/559
f 116/660/64 497/14/14 1/56/54
f 127/84/76 85/661/29 86/82/74
f 341/425/377 311/662/430 312/450/402
f 383/590/518 363/663/489 364/589/517
f 663/664/560 657/665/561 659/666/562
f 620/406/358 336/667/563 41/429/381
f 159/170/149 157/231/186 158/168/147
f 178/159/138 158/168/147 157/231/186
f 201/361/313 554/299/251 552/668/564
f 231/669/230 230/337/289 229/670/296
f 329/430/382 335/405/357 330/472/424
f 43/442/394 614/671/565 624/531/461
f 87/104/88 92/672/566 88/4/4
f 502/673/567 125/646/552 504/40/39
f 365/595/523 362/656/557 361/591/519
f 383/590/518 670/547/477 656/568/497
f 159/170/149 162/158/137 160/163/142
f 558/674/568 254/255/209 560/282/234
f 233/675/229 232/335/287 231/669/230
f 566/676/569 247/677/264 568/678/266
f 272/390/342 274/679/570 271/401/353
f 305/447/399 303/455/407 304/452/404
f 630/680/571 320/681/416 632/682/415
f 113/51/49 89/683/23 90/96/73
f 127/84/76 502/673/567 508/8/8
f 390/684/535 367/685/510 368/571/500
f 17/118/97 522/43/41 520/686/572
f 243/687/573 204/274/226 203/360/312
f 233/675/229 248/333/285 234/332/284
f 564/348/300 253/322/274 558/674/568
f 272/390/342 270/398/350 269/392/344
f 46/688/442 622/532/462 331/689/384
f 340/476/428 302/461/413 301/479/431
f 506/9/9 121/27/27 128/7/7
f 130/103/87 92/672/566 91/75/70
f 396/635/547 668/550/480 392/549/479
f 365/595/523 397/630/543 366/640/549
f 164/145/124 166/230/185 163/162/141
f 526/690/574 170/691/143 528/692/575
f 184/157/136 164/145/124 163/162/141
f 237/304/256 235/693/576 236/301/253
f 235/693/576 246/280/232 236/301/253
f 367/685/510 370/572/501 368/571/500
f 588/365/317 268/381/333 594/383/335
f 344/526/459 307/482/434 308/448/400
f 95/63/61 93/20/20 94/59/57
f 119/49/47 94/59/57 93/20/20
f 5/109/28 514/18/18 123/11/11
f 372/694/487 401/695/577 371/574/503
f 165/146/125 168/160/139 166/230/185
f 532/140/119 169/137/116 526/690/574
f 206/696/578 208/310/262 205/345/297
f 239/296/248 238/334/286 237/304/256
f 572/362/314 248/333/285 566/676/569
f 249/347/299 206/696/578 205/345/297
f 273/391/343 276/371/323 274/679/570
f 308/448/400 306/697/579 305/447/399
f 630/680/571 322/465/417 319/467/419
f 303/455/407 333/698/580 304/452/404
f 97/699/581 96/21/21 95/63/61
f 369/700/488 371/574/503 370/572/501
f 174/208/174 520/686/572 518/238/193
f 666/548/478 422/622/539 391/624/540
f 288/373/325 290/701/582 287/408/360
f 176/197/172 168/160/139 167/123/102
f 199/702/583 536/703/132 534/704/584
f 207/276/228 210/311/263 208/310/262
f 239/296/248 242/325/277 240/336/288
f 574/705/585 249/347/299 576/706/586
f 598/707/587 285/708/356 600/709/355
f 280/710/372 282/412/364 279/387/339
f 265/418/370 264/399/351 263/416/368
f 382/711/531 648/537/467 646/712/588
f 313/713/429 312/450/402 311/662/430
f 67/714/56 65/5/5 66/715/37
f 377/592/520 375/570/499 376/593/521
f 65/5/5 133/716/38 66/715/37
f 97/699/581 136/47/45 98/52/50
f 179/717/128 137/245/200 138/718/156
f 187/249/203 138/718/156 137/245/200
f 199/702/583 540/243/198 197/211/177
f 211/339/291 210/311/263 209/343/295
f 241/295/247 243/687/573 242/325/277
f 249/347/299 578/353/305 576/706/586
f 590/396/348 267/659/559 266/394/346
f 278/719/369 279/387/339 277/378/330
f 55/720/445 642/486/438 347/534/464
f 69/721/58 68/6/6 67/714/56
f 101/97/83 99/46/44 100/76/71
f 376/593/521 373/573/502 374/594/522
f 131/48/46 100/76/71 99/46/44
f 400/576/504 374/594/522 373/573/502
f 141/722/151 139/173/152 140/723/127
f 180/175/154 140/723/127 139/173/152
f 542/724/205 187/249/203 544/725/589
f 213/341/293 212/318/270 211/339/291
f 582/726/590 277/378/330 584/377/329
f 285/708/356 283/409/361 284/727/375
f 602/375/327 275/388/340 288/373/325
f 316/728/432 318/469/421 315/471/423
f 101/97/83 104/50/48 102/19/19
f 356/566/495 359/626/541 355/729/548
f 118/730/79 70/36/35 69/721/58
f 355/731/548 391/624/540 356/623/495
f 141/722/151 144/139/118 142/233/188
f 187/249/203 546/131/110 544/725/589
f 265/418/370 582/732/590 592/395/347
f 213/341/293 253/322/274 214/319/271
f 284/727/375 282/412/364 281/733/371
f 604/374/326 286/410/362 598/707/587
f 313/713/429 315/471/423 314/451/403
f 72/79/33 89/734/23 71/68/66
f 71/735/66 105/3/3 72/33/33
f 103/26/26 113/51/49 104/50/48
f 354/600/527 363/605/489 353/604/530
f 386/563/492 354/736/527 353/737/530
f 388/561/490 378/738/591 377/592/520
f 143/739/150 146/136/115 144/139/118
f 202/651/224 552/668/564 550/740/592
f 191/741/190 199/702/583 192/210/176
f 217/338/290 215/742/593 216/287/239
f 256/321/273 216/287/239 215/742/593
f 613/743/594 617/744/595 619/745/596
f 349/466/418 320/681/416 319/467/419
f 86/746/74 73/747/86 74/99/62
f 132/74/69 74/64/62 73/748/86
f 145/749/146 169/137/116 146/136/115
f 219/294/246 218/320/272 217/338/290
f 276/371/323 608/380/332 258/372/324
f 161/234/189 185/750/597 162/158/137
f 350/751/460 318/469/421 317/752/410
f 76/90/80 80/753/598 75/77/72
f 75/754/72 107/65/63 76/755/80
f 148/128/107 150/756/599 147/138/117
f 190/135/114 148/128/107 147/138/117
f 219/294/246 222/359/311 220/309/261
f 260/421/373 261/400/352 259/370/322
f 298/757/600 299/460/412 297/481/433
f 324/444/396 325/652/553 323/470/422
f 346/758/456 298/757/600 297/481/433
f 323/470/422 352/445/397 324/444/396
f 82/71/67 77/100/85 78/759/601
f 382/610/531 672/546/476 418/611/532
f 77/760/85 135/37/36 78/761/601
f 151/124/103 150/756/599 149/125/104
f 294/397/349 291/411/363 292/393/345
f 221/302/254 224/762/602 222/359/311
f 260/421/373 258/372/324 257/402/354
f 292/393/345 290/701/582 289/389/341
f 321/437/389 351/468/420 322/465/417
f 120/110/89 80/763/598 79/764/77
f 151/124/103 153/250/204 152/232/187
f 252/298/250 224/762/602 223/303/255
f 105/3/3 492/654/555 490/1/1
f 406/580/508 366/640/549 403/641/550
f 107/65/63 488/765/603 486/644/551
f 614/766/565 341/425/377 616/424/376
f 421/588/516 676/767/604 674/586/514
f 418/611/532 415/768/605 416/769/606
f 404/632/545 406/580/508 403/641/550
f 423/629/542 404/632/545 403/641/550
f 408/584/512 420/585/513 407/581/509
f 408/584/512 406/580/508 405/556/486
f 412/618/533 415/770/605 411/598/526
f 420/585/513 412/771/533 411/601/526
f 410/772/546 414/773/607 409/564/493
f 409/774/493 421/588/516 410/775/546
f 424/631/544 414/776/607 413/777/470
f 394/543/473 660/778/608 658/779/609
f 449/262/214 447/187/166 448/189/168
f 451/114/93 450/264/216 449/262/214
f 480/269/221 483/305/257 479/297/249
f 471/291/243 467/267/219 468/316/268
f 481/780/610 484/271/223 482/355/307
f 469/366/318 471/291/243 470/293/245
f 430/132/111 434/781/159 429/782/206
f 445/218/180 431/783/611 432/229/184
f 433/115/94 438/784/160 434/781/159
f 441/785/101 436/188/167 435/786/131
f 453/787/612 464/356/308 454/358/310
f 437/788/613 440/789/100 438/784/160
f 468/316/268 455/790/614 456/357/309
f 439/263/215 441/785/101 440/789/100
f 480/269/221 457/279/231 458/791/615
f 459/792/265 476/308/260 460/307/259
f 444/190/169 447/187/166 443/186/165
f 465/317/269 461/793/225 462/292/244
f 478/270/222 473/794/275 474/354/306
f 452/220/182 446/116/95 445/218/180
f 463/795/208 465/317/269 464/356/308
f 477/796/276 476/308/260 475/797/301
f 487/329/281 486/798/551 488/799/603
f 489/330/282 492/654/555 491/328/280
f 649/800/616 652/516/453 651/801/617
f 496/802/32 493/803/618 494/804/30
f 500/15/15 498/805/619 499/806/620
f 494/804/30 498/805/619 497/807/14
f 658/808/609 659/666/562 657/665/561
f 661/809/474 663/664/560 664/554/484
f 658/808/609 662/810/621 661/809/474
f 617/744/595 620/406/358 619/745/596
f 551/288/240 550/811/592 552/812/564
f 615/813/622 614/814/565 616/815/376
f 655/552/482 654/569/498 656/816/497
f 553/817/623 556/300/252 555/289/241
f 563/818/624 562/266/218 564/819/300
f 625/820/625 628/436/388 626/821/387
f 501/54/52 504/822/39 503/55/53
f 519/823/626 518/824/193 520/825/572
f 557/259/211 560/826/234 559/260/212
f 624/827/461 621/828/627 622/829/462
f 626/821/387 621/828/627 625/820/625
f 507/830/628 506/9/9 508/831/8
f 521/832/629 524/45/43 523/833/630
f 585/368/320 588/365/317 587/369/321
f 635/474/426 634/439/391 636/834/390
f 511/835/631 510/836/10 512/837/12
f 525/113/92 528/838/575 527/111/90
f 565/284/236 568/839/266 567/285/237
f 629/475/427 632/840/415 631/473/425
f 513/841/632 516/17/17 515/842/633
f 665/843/634 668/550/480 667/844/635
f 531/112/91 530/141/120 532/845/119
f 571/846/636 570/281/233 572/847/314
f 595/848/637 594/383/335 596/849/334
f 641/850/638 644/485/437 643/851/639
f 533/183/162 536/852/132 535/184/163
f 573/350/302 576/853/586 575/854/640
f 589/855/641 592/856/347 591/857/642
f 639/858/643 638/859/463 640/860/465
f 539/861/644 538/242/197 540/862/198
f 579/352/304 578/353/305 580/306/258
f 603/863/645 602/375/327 604/374/326
f 543/864/646 542/865/205 544/866/589
f 583/867/647 582/868/590 584/869/329
f 597/870/648 600/871/355 599/872/649
f 545/240/195 548/130/109 547/241/196
f 609/873/650 612/384/336 611/414/366
f 607/413/365 606/874/331 608/875/332
f 647/876/651 646/877/588 648/878/467
f 489/330/282 488/799/603 490/1/1
f 486/798/551 495/879/652 496/802/32
f 492/654/555 499/806/620 491/328/280
f 507/830/628 502/880/567 501/54/52
f 504/822/39 509/881/653 503/55/53
f 512/837/12 513/841/632 511/835/631
f 506/9/9 515/842/633 516/17/17
f 521/832/629 520/825/572 522/882/41
f 426/883/217 517/884/654 425/885/655
f 427/134/113 523/833/630 524/45/43
f 525/113/92 532/845/119 526/886/574
f 426/883/217 527/111/90 528/838/575
f 427/134/113 529/887/656 428/888/657
f 539/861/644 534/889/584 533/183/162
f 435/786/131 535/184/163 536/852/132
f 443/186/165 537/182/161 444/190/169
f 429/782/206 541/239/194 430/132/111
f 546/890/110 543/864/646 544/866/589
f 432/229/184 547/241/196 548/130/109
f 461/793/225 549/290/242 462/292/244
f 552/812/564 553/817/623 551/288/240
f 469/366/318 555/289/241 556/300/252
f 563/818/624 558/891/568 557/259/211
f 453/787/612 559/260/212 560/826/234
f 455/790/614 561/258/210 456/357/309
f 571/846/636 566/892/569 565/284/236
f 459/792/265 567/285/237 568/839/266
f 457/279/231 569/283/235 458/791/615
f 574/893/585 474/354/306 473/794/275
f 576/853/586 577/351/303 575/854/640
f 481/780/610 579/352/304 580/306/258
f 583/867/647 586/894/315 585/368/320
f 582/868/590 591/857/642 592/856/347
f 588/365/317 593/895/658 587/369/321
f 590/896/348 595/848/637 596/849/334
f 597/870/648 604/374/326 598/897/587
f 606/874/331 599/872/649 600/871/355
f 608/875/332 609/873/650 607/413/365
f 612/384/336 601/898/659 611/414/366
f 615/813/622 618/899/359 617/744/595
f 614/814/565 623/900/660 624/827/461
f 620/406/358 627/901/661 619/745/596
f 629/475/427 636/834/390 630/902/571
f 638/859/463 631/473/425 632/840/415
f 642/903/438 639/858/643 640/860/465
f 644/485/437 633/904/662 643/851/639
f 647/876/651 650/905/451 649/800/616
f 654/569/498 651/801/617 652/516/453
f 664/554/484 667/844/635 668/550/480
f 669/553/483 672/906/476 671/551/481
f 675/907/663 674/908/514 676/909/604
f 669/553/483 656/816/497 670/910/477
f 645/911/664 672/906/476 646/877/588
f 665/843/634 676/909/604 666/912/478
f 673/913/665 660/914/608 674/908/514
f 519/823/626 523/833/630 517/884/654
f 927/915/666 1012/916/667 1010/917/668
f 944/918/669 935/919/670 930/920/671
f 935/921/670 928/922/672 930/923/671
f 925/924/673 1008/925/674 1006/926/675
f 1002/927/676 934/928/677 1004/929/678
f 932/930/679 937/931/680 925/924/673
f 936/932/681 945/933/682 939/934/683
f 926/935/684 929/936/685 927/915/666
f 925/924/673 1000/937/686 932/930/679
f 1090/938/687 943/939/688 1092/940/689
f 942/941/690 929/942/685 938/943/691
f 948/944/692 1084/945/693 1082/946/694
f 1086/947/695 941/948/696 1088/949/697
f 1083/950/698 1091/951/699 1087/952/700
f 931/953/701 936/954/681 939/955/683
f 937/956/680 946/957/702 941/948/696
f 949/958/703 1018/959/704 1016/960/705
f 945/933/682 1082/946/694 1080/961/706
f 1022/962/707 953/963/708 1024/964/709
f 1019/965/710 1027/966/711 1023/967/712
f 1026/968/713 955/969/714 1028/970/715
f 952/971/716 1020/972/717 1018/959/704
f 957/973/718 952/971/716 949/958/703
f 953/963/708 958/974/719 950/975/720
f 1035/976/721 1043/977/722 1039/978/723
f 951/979/724 964/980/725 956/981/726
f 955/969/714 962/982/727 954/983/728
f 711/984/729 701/985/730 726/986/731
f 684/987/732 707/988/733 699/989/734
f 678/990/735 688/991/736 680/992/735
f 682/993/737 706/994/730 698/995/738
f 693/996/729 679/997/729 677/998/729
f 696/999/735 680/1000/735 694/1001/735
f 677/1002/729 690/1003/739 685/1004/740
f 684/1005/732 682/1006/737 681/1007/741
f 680/992/735 702/1008/733 694/1009/735
f 717/1010/742 706/994/730 737/1011/743
f 721/1012/744 708/1013/745 700/1014/746
f 718/1015/747 739/1016/748 722/1017/749
f 718/1018/747 724/1019/750 720/1020/751
f 700/1021/746 684/1005/732 699/1022/734
f 702/1008/733 692/1023/739 708/1013/745
f 727/1024/752 708/1013/745 740/1025/753
f 692/1023/739 687/1026/754 686/1027/740
f 690/1003/739 691/1028/754 685/1004/740
f 705/1029/755 726/986/731 701/985/730
f 738/1030/756 728/1031/757 739/1016/748
f 707/988/733 690/1003/739 703/1032/745
f 721/1033/744 699/1022/734 723/1034/758
f 710/1035/729 703/1032/745 695/1036/729
f 681/1037/741 689/1038/736 684/987/732
f 715/1039/735 702/1008/733 727/1024/752
f 682/1040/737 692/1023/739 686/1027/740
f 714/1041/735 704/1042/755 696/1043/735
f 719/1044/759 705/1029/755 697/1045/760
f 677/1046/729 701/985/730 693/1047/729
f 716/1048/735 714/1049/735 694/1001/735
f 678/1050/735 704/1042/755 687/1051/754
f 683/1052/761 708/1013/745 692/1023/739
f 706/994/730 731/1053/762 737/1011/743
f 691/1054/754 701/985/730 685/1055/740
f 687/1051/754 706/994/730 686/1056/740
f 729/1057/763 707/988/733 703/1032/745
f 723/1058/758 707/988/733 736/1059/764
f 682/1060/737 697/1061/760 681/1062/741
f 681/1063/741 705/1029/755 691/1054/754
f 698/1064/738 719/1065/759 697/1061/760
f 713/1066/735 728/1031/757 732/1067/765
f 712/1068/729 730/1069/766 709/1070/729
f 720/1071/751 735/1072/767 733/1073/768
f 733/1073/768 730/1069/766 725/1074/769
f 679/1075/729 703/1032/745 690/1003/739
f 728/1031/757 715/1039/735 727/1024/752
f 733/1073/768 719/1044/759 720/1071/751
f 721/1012/744 739/1016/748 740/1025/753
f 720/1020/751 717/1076/742 718/1018/747
f 717/1010/742 738/1030/756 718/1015/747
f 723/1034/758 722/1077/749 721/1033/744
f 733/1073/768 726/986/731 734/1078/770
f 729/1057/763 735/1072/767 736/1059/764
f 738/1030/756 731/1053/762 732/1067/765
f 727/1024/752 739/1016/748 728/1031/757
f 735/1072/767 723/1058/758 736/1059/764
f 730/1069/766 710/1035/729 709/1070/729
f 711/984/729 725/1074/769 712/1068/729
f 732/1067/765 714/1041/735 713/1066/735
f 712/1079/729 710/1080/729 693/996/729
f 744/1081/771 766/1082/772 758/1083/773
f 786/1084/774 763/1085/775 788/1086/776
f 787/1087/777 797/1088/778 784/1089/779
f 741/1090/780 765/1091/781 757/1092/782
f 758/1093/773 742/1094/783 744/1095/771
f 759/1096/784 741/1097/780 757/1098/782
f 783/1099/785 769/1100/786 761/1101/787
f 745/1102/788 747/1103/789 746/1104/790
f 778/1105/791 768/1106/792 760/1107/793
f 781/1108/794 770/1109/795 802/1110/796
f 747/1111/789 750/1112/797 746/1113/790
f 782/1114/798 787/1115/777 784/1116/779
f 779/1117/799 766/1082/772 791/1118/800
f 764/1119/801 748/1120/802 763/1085/775
f 766/1082/772 756/1121/803 772/1122/804
f 791/1118/800 772/1122/804 803/1123/805
f 750/1112/797 752/1124/806 751/1125/807
f 749/1126/808 753/1127/809 755/1128/810
f 769/1100/786 790/1129/811 765/1091/781
f 801/1130/812 792/1131/813 804/1132/814
f 771/1133/815 754/1134/816 767/1135/817
f 741/1136/780 754/1134/816 749/1126/808
f 746/1137/790 770/1109/795 762/1138/818
f 744/1081/771 751/1125/807 752/1124/806
f 748/1139/802 771/1133/815 763/1140/775
f 775/1141/819 765/1091/781 790/1129/811
f 788/1142/776 771/1133/815 799/1143/820
f 774/1144/821 767/1135/817 759/1145/784
f 745/1146/788 753/1127/809 748/1139/802
f 747/1111/789 772/1122/804 756/1121/803
f 743/1147/822 767/1135/817 754/1134/816
f 797/1088/778 794/1148/823 789/1149/824
f 785/1150/825 801/1130/812 804/1132/814
f 770/1109/795 796/1151/826 802/1110/796
f 755/1152/810 765/1091/781 749/1153/808
f 751/1154/807 770/1109/795 750/1155/797
f 793/1156/827 771/1133/815 767/1135/817
f 786/1157/774 772/1122/804 764/1158/801
f 742/1159/783 768/1106/792 751/1154/807
f 746/1160/790 761/1161/787 745/1162/788
f 773/1163/828 789/1149/824 794/1148/823
f 780/1164/829 795/1165/830 777/1166/831
f 780/1167/829 778/1168/791 758/1093/773
f 745/1169/788 769/1100/786 755/1152/810
f 762/1170/818 783/1171/785 761/1161/787
f 798/1172/832 784/1089/779 797/1088/778
f 799/1143/820 787/1087/777 788/1142/776
f 791/1118/800 780/1164/829 779/1117/799
f 784/1116/779 781/1173/794 782/1114/798
f 777/1166/831 796/1151/826 778/1105/791
f 788/1086/776 785/1174/825 786/1084/774
f 797/1088/778 790/1129/811 798/1172/832
f 793/1156/827 800/1175/833 799/1143/820
f 795/1165/830 802/1110/796 796/1151/826
f 803/1123/805 792/1131/813 791/1118/800
f 776/1176/834 790/1129/811 789/1149/824
f 802/1110/796 782/1177/798 781/1108/794
f 803/1123/805 785/1150/825 804/1132/814
f 773/1163/828 793/1156/827 774/1144/821
f 776/1178/834 774/1179/821 757/1098/782
f 835/1180/835 825/1181/836 847/1182/837
f 843/1183/838 853/1184/839 840/1185/840
f 839/1186/841 819/1187/842 809/1188/843
f 831/1189/844 813/1190/845 846/1191/846
f 832/1192/847 830/1193/848 807/1194/849
f 844/1195/850 821/1196/851 855/1197/852
f 809/1198/843 811/1199/853 810/1200/854
f 811/1201/853 814/1202/855 810/1203/854
f 840/1204/840 841/1205/856 843/1206/838
f 847/1182/837 822/1207/857 859/1208/858
f 834/1209/859 815/1210/860 806/1211/861
f 824/1212/862 811/1199/853 812/1213/863
f 842/1214/864 822/1207/857 823/1215/865
f 820/1216/866 815/1217/860 814/1202/855
f 818/1218/867 819/1219/842 813/1220/845
f 851/1221/868 860/1222/869 857/1223/870
f 854/1224/871 813/1190/845 819/1187/842
f 807/1225/849 813/1220/845 805/1226/872
f 821/1196/851 818/1218/867 827/1227/873
f 808/1228/874 815/1217/860 816/1229/875
f 837/1230/876 814/1231/855 858/1232/877
f 807/1225/849 827/1227/873 818/1218/867
f 812/1233/863 819/1219/842 817/1234/878
f 830/1235/848 827/1227/873 828/1236/879
f 812/1233/863 821/1196/851 824/1237/862
f 853/1184/839 850/1238/880 845/1239/881
f 841/1240/856 857/1223/870 860/1222/869
f 852/1241/882 814/1231/855 815/1210/860
f 825/1181/836 820/1216/866 822/1207/857
f 837/1242/876 809/1243/843 810/1244/854
f 836/1245/883 834/1246/859 808/1247/874
f 836/1248/883 851/1221/868 833/1249/884
f 829/1250/885 845/1239/881 850/1238/880
f 811/1201/853 822/1207/857 820/1216/866
f 808/1228/874 825/1181/836 826/1251/886
f 844/1252/850 823/1253/865 824/1212/862
f 839/1186/841 853/1184/839 854/1224/871
f 855/1197/852 843/1183/838 844/1195/850
f 835/1180/835 848/1254/887 836/1248/883
f 840/1204/840 837/1242/876 838/1255/888
f 851/1221/868 834/1209/859 833/1249/884
f 842/1256/864 843/1206/838 841/1205/856
f 853/1184/839 846/1191/846 854/1224/871
f 849/1257/889 856/1258/890 855/1197/852
f 851/1221/868 858/1232/877 852/1241/882
f 859/1208/858 848/1254/887 847/1182/837
f 845/1239/881 831/1189/844 846/1191/846
f 837/1230/876 857/1223/870 838/1259/888
f 859/1208/858 841/1240/856 860/1222/869
f 829/1250/885 849/1257/889 830/1235/848
f 855/1197/852 827/1227/873 849/1257/889
f 904/1260/891 889/1261/892 881/1262/893
f 899/1263/894 886/1264/895 912/1265/896
f 867/1266/897 870/1267/898 866/1268/899
f 900/1269/900 898/1270/901 878/1271/902
f 877/1272/903 863/1273/904 861/1274/905
f 878/1271/902 862/1275/906 864/1276/907
f 865/1277/908 873/1278/909 868/1279/910
f 865/1280/908 867/1281/897 866/1282/899
f 894/1283/911 887/1284/912 879/1285/913
f 901/1286/914 890/1287/915 922/1288/916
f 907/1289/917 884/1290/918 883/1291/919
f 902/1292/920 908/1293/921 903/1294/922
f 895/1295/923 885/1296/924 909/1297/925
f 884/1290/918 868/1298/910 883/1291/919
f 886/1264/895 876/1299/926 892/1300/927
f 912/1265/896 892/1300/927 924/1301/928
f 870/1267/898 872/1302/929 871/1303/930
f 869/1304/931 873/1278/909 875/1305/932
f 885/1296/924 917/1306/933 909/1297/925
f 921/1307/934 911/1308/935 923/1309/936
f 891/1310/937 874/1311/938 887/1284/912
f 861/1312/905 885/1296/924 877/1313/903
f 908/1314/921 918/1315/939 903/1316/922
f 905/1317/940 892/1300/927 884/1318/918
f 864/1319/907 886/1264/895 878/1320/902
f 863/1321/904 869/1304/931 861/1322/905
f 866/1323/899 890/1287/915 882/1324/941
f 864/1319/907 871/1303/930 872/1302/929
f 868/1279/910 891/1310/937 883/1325/919
f 910/1326/942 919/1327/943 913/1328/944
f 902/1329/920 923/1309/936 906/1330/945
f 882/1331/941 904/1332/891 881/1333/893
f 865/1334/908 889/1261/892 875/1335/932
f 898/1336/901 888/1337/946 880/1338/947
f 890/1287/915 916/1339/948 922/1288/916
f 875/1335/932 885/1296/924 869/1340/931
f 871/1341/930 890/1287/915 870/1342/898
f 920/1343/949 887/1284/912 914/1344/950
f 907/1345/917 891/1310/937 920/1343/949
f 863/1321/904 887/1284/912 874/1311/938
f 866/1346/899 881/1333/893 865/1347/908
f 867/1266/897 892/1300/927 876/1299/926
f 897/1348/951 911/1308/935 915/1349/952
f 893/1350/953 910/1326/942 913/1328/944
f 862/1351/906 888/1337/946 871/1341/930
f 915/1349/952 898/1336/901 897/1348/951
f 895/1295/923 910/1326/942 896/1352/954
f 923/1309/936 905/1317/940 906/1330/945
f 903/1294/922 901/1353/914 902/1292/920
f 913/1328/944 894/1283/911 893/1350/953
f 905/1354/940 908/1293/921 906/1355/945
f 918/1315/939 909/1297/925 917/1306/933
f 914/1344/950 919/1327/943 920/1343/949
f 915/1349/952 922/1288/916 916/1339/948
f 924/1301/928 911/1308/935 912/1265/896
f 899/1263/894 911/1308/935 900/1356/900
f 907/1345/917 919/1327/943 908/1314/921
f 904/1260/891 918/1315/939 917/1306/933
f 901/1286/914 921/1307/934 902/1329/920
f 896/1357/954 894/1358/911 877/1272/903
f 970/1359/955 1040/1360/956 1038/1361/957
f 968/1362/958 1036/1363/959 1034/1364/960
f 972/1365/961 1044/1366/962 1042/1367/963
f 968/1362/958 1032/1368/964 965/1369/965
f 1059/1370/966 1051/1371/967 1047/1372/968
f 975/1373/969 1060/1374/970 1058/1375/971
f 1050/1376/972 981/1377/973 1052/1378/974
f 974/1379/975 1048/1380/976 980/1381/977
f 973/1382/978 977/1383/979 975/1373/969
f 974/1379/975 1056/1384/980 1054/1385/981
f 977/1386/979 990/1387/982 991/1388/983
f 983/1389/984 976/1390/985 978/1391/986
f 996/1392/987 985/1393/988 984/1394/989
f 980/1381/977 987/1395/990 974/1379/975
f 1074/1396/991 991/1388/983 1076/1397/992
f 1063/1398/993 1067/1399/994 1075/1400/995
f 994/1401/996 1066/1402/997 1064/1403/998
f 1070/1404/999 989/1405/1000 1072/1406/1001
f 985/1407/988 981/1377/973 984/1408/989
f 996/1392/987 1068/1409/1002 1066/1402/997
f 989/1405/1000 986/1410/1003 993/1411/1004
f 978/1412/986 995/1413/1005 983/1414/984
f 931/953/701 1004/929/678 934/928/677
f 958/1415/719 949/958/703 950/1416/720
f 979/1417/1006 1048/1418/976 1046/1419/1007
f 928/922/672 1002/927/676 1012/916/667
f 983/1389/984 981/1377/973 982/1420/1008
f 987/1395/990 973/1382/978 974/1379/975
f 926/935/684 1010/917/668 1008/925/674
f 976/1390/985 1050/1376/972 1060/1374/970
f 950/1416/720 1016/960/705 1014/1421/1009
f 960/1422/1010 951/979/724 952/971/716
f 1044/1366/962 970/1423/955 1038/1424/957
f 973/1382/978 1058/1375/971 1056/1384/980
f 925/924/673 938/1425/691 926/935/684
f 927/915/666 930/923/671 928/922/672
f 954/983/728 961/1426/1011 953/963/708
f 943/939/688 930/920/671 929/942/685
f 956/981/726 963/1427/1012 955/969/714
f 977/1383/979 976/1390/985 975/1373/969
f 939/955/683 932/1428/679 931/953/701
f 991/1388/983 978/1412/986 977/1386/979
f 935/921/670 934/928/677 933/1429/1013
f 989/1405/1000 988/1430/1014 987/1431/990
f 935/919/670 948/944/692 936/932/681
f 993/1411/1004 1072/1406/1001 989/1405/1000
f 941/948/696 938/943/691 937/956/680
f 1014/1432/1009 953/963/708 950/975/720
f 995/1413/1005 984/1394/989 983/1414/984
f 939/934/683 946/1433/702 940/1434/1015
f 1020/972/717 956/981/726 1026/968/713
f 941/948/696 1078/1435/1016 1088/949/697
f 1036/1363/959 972/1365/961 1042/1367/963
f 1084/945/693 944/918/669 1090/938/687
f 1052/1378/974 979/1417/1006 1046/1419/1007
f 1092/940/689 942/941/690 1086/947/695
f 1028/970/715 954/983/728 1022/962/707
f 1068/1409/1002 992/1436/1017 1074/1396/991
f 985/1407/988 980/1437/977 979/1417/1006
f 966/1438/1018 1032/1368/964 1030/1439/1019
f 1040/1360/956 966/1438/1018 1030/1439/1019
f 990/1387/982 1076/1397/992 991/1388/983
f 994/1401/996 986/1440/1003 985/1393/988
f 1007/1441/1020 1011/1442/1021 1003/1443/1022
f 997/1444/1023 1000/1445/686 999/1446/1024
f 1043/977/722 1042/1447/963 1044/1448/962
f 1059/1370/966 1058/1449/971 1060/1374/970
f 1001/1450/1025 1004/1451/678 1003/1443/1022
f 1007/1441/1020 1006/1452/675 1008/1453/674
f 1049/1454/1026 1052/1455/974 1051/1371/967
f 1011/1442/1021 1010/1456/668 1012/916/667
f 1037/1457/1027 1040/1458/956 1039/978/723
f 1055/1459/1028 1054/1460/981 1056/1461/980
f 1015/1462/1029 1014/1463/1009 1016/1464/705
f 1019/965/710 1018/1465/704 1020/972/717
f 1033/1466/1030 1036/1467/959 1035/976/721
f 1047/1372/968 1046/1468/1007 1048/1469/976
f 1021/1470/1031 1024/1471/709 1023/967/712
f 1025/1472/1032 1028/1473/715 1027/966/711
f 1029/1474/1033 1032/1475/964 1031/1476/1034
f 1003/1443/1022 998/1477/1035 997/1444/1023
f 1006/1452/675 999/1446/1024 1000/1445/686
f 1008/1453/674 1009/1478/1036 1007/1441/1020
f 1012/916/667 1001/1450/1025 1011/1442/1021
f 1024/1471/709 1013/1479/1037 1023/967/712
f 1016/1464/705 1017/1480/1038 1015/1462/1029
f 1026/968/713 1019/965/710 1020/972/717
f 1022/1481/707 1027/966/711 1028/1473/715
f 1039/978/723 1030/1482/1019 1029/1474/1033
f 1034/1483/960 1031/1476/1034 1032/1475/964
f 1036/1467/959 1041/1484/1039 1035/976/721
f 1044/1448/962 1037/1457/1027 1043/977/722
f 1051/1371/967 1046/1468/1007 1045/1485/1040
f 1048/1469/976 1053/1486/1041 1047/1372/968
f 1056/1461/980 1057/1487/1042 1055/1459/1028
f 1050/1376/972 1059/1370/966 1060/1374/970
f 998/1488/1035 932/1428/679 1000/1489/686
f 50/495/444 352/445/397 321/437/389
f 1063/1398/993 1062/1490/1043 1064/1491/998
f 1073/1492/1044 1076/1493/992 1075/1400/995
f 1067/1399/994 1066/1494/997 1068/1409/1002
f 1069/1495/1045 1072/1496/1001 1071/1497/1046
f 1065/1498/1047 1064/1491/998 1066/1494/997
f 1070/1499/999 1075/1400/995 1076/1493/992
f 1062/1490/1043 1071/1497/1046 1072/1496/1001
f 1074/1396/991 1067/1399/994 1068/1409/1002
f 993/1500/1004 1064/1403/998 1062/1501/1043
f 1079/1502/1048 1078/1503/1016 1080/1504/706
f 1083/950/698 1082/1505/694 1084/1506/693
f 1085/1507/1049 1088/1508/697 1087/952/700
f 1089/1509/1050 1092/1510/689 1091/951/699
f 1081/1511/1051 1080/1504/706 1082/1505/694
f 1088/1508/697 1077/1512/1052 1087/952/700
f 1090/1513/687 1083/950/698 1084/1506/693
f 1086/1514/695 1091/951/699 1092/1510/689
f 946/1433/702 1080/961/706 1078/1515/1016
f 26/143/122 164/145/124 183/224/183
f 198/185/164 25/144/123 182/246/201
f 148/128/107 22/127/106 149/125/104
f 628/436/388 41/429/381 332/434/386
f 42/431/383 304/452/404 333/698/580
f 308/448/400 49/443/395 344/526/459
f 321/437/389 634/439/391 50/495/444
f 605/415/367 601/898/659 599/872/649
f 599/872/649 603/863/645 597/870/648
f 639/858/643 643/851/639 637/1516/1053
f 637/1516/1053 633/904/662 631/473/425
f 667/844/635 659/666/562 673/913/665
f 665/843/634 673/913/665 675/907/663
f 511/835/631 515/842/633 509/881/653
f 503/55/53 515/842/633 505/53/51
f 436/188/167 537/182/161 535/184/163
f 430/132/111 547/241/196 431/783/611
f 458/791/615 567/285/237 460/307/259
f 573/350/302 482/355/307 474/354/306
f 499/806/620 493/803/618 495/879/652
f 499/806/620 485/1517/1054 491/328/280
f 517/884/654 428/888/657 425/885/655
f 425/885/655 529/887/656 527/111/90
f 549/290/242 470/293/245 462/292/244
f 456/357/309 559/260/212 454/358/310
f 591/857/642 587/369/321 593/895/658
f 589/855/641 593/895/658 595/848/637
f 627/901/661 621/828/627 623/900/660
f 619/745/596 623/900/660 613/743/594
f 647/876/651 651/801/617 645/911/664
f 645/911/664 653/1518/1055 671/551/481
f 1096/1519/1056 1115/1520/1057 1093/1521/1058
f 1117/1522/1059 1126/1523/1060 1116/1524/1061
f 1126/1523/1060 1104/1525/1062 1116/1524/1061
f 1112/1526/1063 1108/1527/1064 1100/1528/1065
f 1101/1529/1066 1119/1530/1067 1098/1531/1068
f 1114/1532/1069 1120/1533/1070 1105/1534/1071
f 1120/1533/1070 1124/1535/1072 1117/1522/1059
f 1093/1521/1058 1103/1536/1073 1100/1537/1065
f 1106/1538/1074 1102/1539/1075 1110/1540/1076
f 1112/1526/1063 1128/1541/1077 1107/1542/1078
f 1096/1519/1056 1119/1530/1067 1118/1543/1079
f 1131/1544/1080 1102/1545/1075 1097/1546/1081
f 1122/1547/1082 1129/1548/1083 1123/1549/1084
f 1095/1550/1085 1127/1551/1086 1130/1552/1087
f 1127/1551/1086 1099/1553/1088 1108/1554/1064
f 1097/1546/1081 1130/1552/1087 1131/1544/1080
f 1113/1555/1089 1132/1556/1090 1122/1547/1082
f 1195/1557/1091 1187/1558/1092 1183/1559/1093
f 1125/1560/1094 1129/1548/1083 1128/1541/1077
f 1135/1561/1095 1142/1562/1096 1134/1563/1097
f 1186/1564/1098 1135/1561/1095 1188/1565/1099
f 1138/1566/1100 1192/1567/1101 1190/1568/1102
f 1140/1569/1103 1196/1570/1104 1194/1571/1105
f 1145/1572/1106 1140/1569/1103 1137/1573/1107
f 1144/1574/1108 1139/1575/1109 1147/1576/1110
f 1211/1577/1111 1203/1578/1112 1199/1579/1113
f 1133/1580/1114 1190/1568/1102 1184/1581/1115
f 1146/1582/1116 1133/1580/1114 1141/1583/1117
f 1235/1584/1118 1219/1585/1119 1215/1586/1120
f 1152/1587/1121 1204/1588/1122 1202/1589/1123
f 1154/1590/1124 1208/1591/1125 1206/1592/1126
f 1156/1593/1127 1212/1594/1128 1210/1595/1129
f 1154/1590/1124 1200/1596/1130 1149/1597/1018
f 1234/1598/1131 1176/1599/1132 1236/1600/1133
f 1227/1601/1134 1243/1602/1135 1239/1603/1136
f 1166/1604/1137 1220/1605/1138 1218/1606/1139
f 1164/1607/1140 1224/1608/1141 1159/1609/1142
f 1161/1610/965 1165/1611/1143 1167/1612/958
f 1226/1613/1144 1163/1614/1145 1228/1615/1146
f 1222/1616/1147 1159/1609/1142 1224/1608/1141
f 1177/1617/1148 1244/1618/1149 1242/1619/1150
f 1230/1620/1151 1172/1621/1152 1232/1622/1153
f 1173/1623/955 1178/1624/1154 1179/1625/1127
f 1176/1599/1132 1168/1626/1121 1166/1604/1137
f 1159/1609/1142 1167/1612/958 1164/1607/1140
f 1180/1627/961 1163/1614/1145 1168/1626/1121
f 1172/1621/1152 1179/1625/1127 1175/1628/1155
f 1162/1629/1018 1170/1630/1156 1174/1631/1124
f 1157/1632/1157 1174/1631/1124 1171/1633/1158
f 1171/1633/1158 1216/1634/1159 1157/1632/1157
f 1182/1635/1160 1133/1636/1114 1184/1637/1115
f 1119/1530/1067 1117/1522/1059 1118/1543/1079
f 1134/1563/1097 1141/1638/1117 1133/1636/1114
f 1161/1610/965 1157/1632/1157 1158/1639/1161
f 1122/1547/1082 1124/1535/1072 1121/1640/1162
f 1136/1641/1163 1143/1642/1164 1135/1561/1095
f 1158/1639/1161 1216/1634/1159 1214/1643/1165
f 1169/1644/1166 1240/1645/1167 1238/1646/1168
f 1125/1560/1094 1124/1535/1072 1123/1549/1084
f 1238/1646/1168 1178/1624/1154 1169/1644/1166
f 1095/1550/1085 1093/1647/1058 1094/1648/1169
f 1100/1649/1065 1094/1648/1169 1093/1647/1058
f 1146/1582/1116 1137/1573/1107 1138/1566/1100
f 1167/1650/958 1163/1614/1145 1164/1651/1140
f 1095/1550/1085 1098/1652/1068 1096/1653/1056
f 1128/1541/1077 1130/1552/1087 1127/1551/1086
f 1168/1626/1121 1165/1654/1143 1166/1604/1137
f 1097/1546/1081 1101/1655/1066 1098/1652/1068
f 1162/1629/1018 1159/1609/1142 1160/1656/1170
f 1148/1657/1171 1139/1575/1109 1140/1569/1103
f 1188/1565/1099 1134/1563/1097 1182/1635/1160
f 1103/1536/1073 1116/1524/1061 1104/1525/1062
f 1136/1641/1163 1196/1570/1104 1139/1575/1109
f 1204/1588/1122 1150/1658/965 1198/1659/1172
f 1214/1643/1165 1165/1611/1143 1158/1639/1161
f 1105/1534/1071 1119/1530/1067 1106/1660/1074
f 1107/1542/1078 1127/1551/1086 1108/1554/1064
f 1173/1623/955 1170/1630/1156 1169/1644/1166
f 1131/1544/1080 1110/1540/1076 1109/1661/1173
f 1137/1573/1107 1194/1571/1105 1192/1567/1101
f 1228/1615/1146 1177/1617/1148 1242/1619/1150
f 1126/1523/1060 1112/1526/1063 1111/1662/1174
f 1150/1658/965 1200/1596/1130 1198/1659/1172
f 1166/1604/1137 1236/1600/1133 1176/1599/1132
f 1156/1593/1127 1208/1663/1125 1153/1664/955
f 1175/1628/1155 1232/1622/1153 1172/1621/1152
f 1113/1555/1089 1121/1640/1162 1114/1532/1069
f 1152/1587/1121 1212/1594/1128 1155/1665/961
f 1179/1625/1127 1176/1599/1132 1175/1628/1155
f 1118/1543/1079 1116/1524/1061 1115/1520/1057
f 1240/1645/1167 1160/1656/1170 1222/1616/1147
f 1180/1627/961 1178/1624/1154 1177/1617/1148
f 1174/1631/1124 1172/1621/1152 1171/1633/1158
f 1132/1556/1090 1130/1552/1087 1129/1548/1083
f 1243/1602/1135 1242/1666/1150 1244/1618/1149
f 1211/1577/1111 1210/1667/1129 1212/1594/1128
f 1233/1668/1175 1236/1669/1133 1235/1584/1118
f 1239/1603/1136 1238/1646/1168 1240/1670/1167
f 1181/1671/1176 1184/1672/1115 1183/1559/1093
f 1185/1673/1177 1188/1674/1099 1187/1558/1092
f 1199/1579/1113 1198/1675/1172 1200/1676/1130
f 1215/1586/1120 1214/1677/1165 1216/1678/1159
f 1191/1679/1178 1190/1680/1102 1192/1681/1101
f 1225/1682/1179 1228/1683/1146 1227/1601/1134
f 1195/1557/1091 1194/1684/1105 1196/1570/1104
f 1219/1585/1119 1218/1685/1139 1220/1686/1138
f 1205/1687/1180 1208/1688/1125 1207/1689/1181
f 1229/1690/1182 1232/1622/1153 1231/1691/1183
f 1201/1692/1184 1204/1693/1122 1203/1578/1112
f 1221/1694/1185 1224/1695/1141 1223/1696/1186
f 1187/1558/1092 1182/1697/1160 1181/1671/1176
f 1184/1672/1115 1189/1698/1187 1183/1559/1093
f 1192/1681/1101 1193/1699/1188 1191/1679/1178
f 1186/1564/1098 1195/1557/1091 1196/1570/1104
f 1197/1700/1189 1204/1693/1122 1198/1675/1172
f 1200/1676/1130 1205/1687/1180 1199/1579/1113
f 1210/1667/1129 1207/1689/1181 1208/1688/1125
f 1202/1589/1123 1211/1577/1111 1212/1594/1128
f 1213/1701/1190 1220/1686/1138 1214/1677/1165
f 1230/1702/1151 1215/1586/1120 1216/1678/1159
f 1234/1598/1131 1231/1691/1183 1232/1622/1153
f 1218/1685/1139 1235/1584/1118 1236/1669/1133
f 1223/1696/1186 1226/1703/1144 1225/1682/1179
f 1240/1670/1167 1221/1694/1185 1239/1603/1136
f 1242/1666/1150 1227/1601/1134 1228/1683/1146
f 1244/1618/1149 1237/1704/1191 1243/1602/1135
f 1267/1520/1192 1248/1519/1193 1245/1521/1194
f 1269/1522/1195 1278/1523/1196 1276/1535/1197
f 1256/1525/1198 1278/1523/1196 1268/1524/1199
f 1260/1527/1200 1264/1526/1201 1256/1705/1198
f 1271/1530/1202 1253/1529/1203 1250/1531/1204
f 1266/1532/1205 1272/1533/1206 1273/1640/1207
f 1272/1533/1206 1276/1535/1197 1273/1640/1207
f 1255/1536/1208 1245/1521/1194 1252/1537/1209
f 1254/1539/1210 1258/1538/1211 1266/1706/1205
f 1264/1526/1201 1280/1541/1212 1277/1560/1213
f 1248/1519/1193 1271/1530/1202 1250/1531/1204
f 1283/1544/1214 1254/1545/1210 1261/1661/1215
f 1281/1548/1216 1274/1547/1217 1275/1549/1218
f 1279/1551/1219 1247/1550/1220 1282/1552/1221
f 1279/1551/1219 1251/1553/1222 1246/1648/1223
f 1282/1552/1221 1249/1546/1224 1283/1544/1214
f 1284/1556/1225 1265/1555/1226 1274/1547/1217
f 1339/1558/1227 1347/1557/1228 1343/1679/1229
f 1277/1560/1213 1281/1548/1216 1275/1549/1218
f 1294/1562/1106 1287/1561/1230 1286/1563/1107
f 1338/1564/1231 1287/1561/1230 1288/1641/1232
f 1344/1567/1233 1290/1566/1114 1342/1568/1234
f 1348/1570/1235 1292/1569/1236 1346/1571/1237
f 1297/1572/1096 1292/1569/1236 1300/1657/1238
f 1291/1575/1239 1296/1574/1240 1299/1576/1241
f 1355/1578/1242 1363/1577/1184 1359/1689/1189
f 1285/1580/1100 1342/1568/1234 1290/1566/1114
f 1285/1580/1100 1298/1582/1117 1293/1583/1116
f 1371/1585/1175 1387/1584/1243 1383/1691/1190
f 1356/1588/1129 1304/1587/961 1354/1589/1244
f 1360/1591/1172 1306/1590/1018 1358/1592/1130
f 1364/1594/1245 1308/1593/958 1362/1595/1246
f 1352/1596/1247 1306/1590/1018 1301/1597/1124
f 1386/1598/1138 1328/1599/1137 1327/1628/1143
f 1395/1602/1179 1379/1601/1248 1375/1696/1191
f 1372/1605/1131 1318/1604/1132 1370/1606/1133
f 1376/1608/1168 1316/1607/1154 1311/1609/1166
f 1317/1611/1155 1313/1610/955 1319/1612/1127
f 1378/1613/1149 1315/1614/1148 1316/1651/1154
f 1374/1616/1167 1311/1609/1166 1312/1656/1156
f 1396/1618/1144 1329/1617/1145 1394/1619/1146
f 1382/1620/1159 1324/1621/1161 1323/1633/1157
f 1330/1624/1140 1325/1623/965 1331/1625/958
f 1320/1626/961 1328/1599/1137 1318/1604/1132
f 1319/1612/1127 1311/1609/1166 1316/1607/1154
f 1315/1614/1148 1332/1627/1121 1320/1626/961
f 1331/1625/958 1324/1621/1161 1327/1628/1143
f 1322/1630/1170 1314/1629/1124 1326/1631/1018
f 1326/1631/1018 1309/1632/1158 1323/1633/1157
f 1368/1634/1151 1323/1633/1157 1309/1632/1158
f 1334/1635/1249 1285/1636/1100 1286/1563/1107
f 1269/1522/1195 1271/1530/1202 1270/1543/1250
f 1286/1563/1107 1293/1638/1116 1294/1562/1106
f 1309/1632/1158 1313/1610/955 1310/1639/1152
f 1274/1547/1217 1276/1535/1197 1275/1549/1218
f 1288/1641/1232 1295/1642/1251 1296/1574/1240
f 1368/1634/1151 1310/1639/1152 1366/1643/1153
f 1392/1645/1147 1321/1644/1142 1390/1646/1141
f 1276/1535/1197 1277/1560/1213 1275/1549/1218
f 1390/1646/1141 1330/1624/1140 1396/1618/1144
f 1245/1647/1194 1247/1550/1220 1246/1648/1223
f 1246/1648/1223 1252/1649/1209 1245/1647/1194
f 1289/1573/1097 1298/1582/1117 1290/1566/1114
f 1315/1614/1148 1319/1650/1127 1316/1651/1154
f 1247/1550/1220 1250/1652/1204 1249/1546/1224
f 1280/1541/1212 1282/1552/1221 1281/1548/1216
f 1317/1654/1155 1320/1626/961 1318/1604/1132
f 1249/1546/1224 1253/1655/1203 1254/1545/1210
f 1311/1609/1166 1314/1629/1124 1312/1656/1156
f 1291/1575/1239 1300/1657/1238 1292/1569/1236
f 1286/1563/1107 1340/1565/1252 1334/1635/1249
f 1255/1536/1208 1268/1524/1199 1267/1520/1192
f 1348/1570/1235 1288/1641/1232 1291/1575/1239
f 1302/1658/955 1356/1588/1129 1350/1659/1253
f 1366/1643/1153 1317/1611/1155 1372/1707/1131
f 1257/1534/1254 1271/1530/1202 1272/1533/1206
f 1259/1542/1255 1279/1551/1219 1280/1541/1212
f 1322/1630/1170 1325/1623/965 1321/1644/1142
f 1262/1540/1256 1283/1544/1214 1261/1661/1215
f 1289/1573/1097 1346/1571/1237 1292/1569/1236
f 1329/1617/1145 1380/1615/1150 1394/1619/1146
f 1264/1526/1201 1278/1523/1196 1263/1662/1257
f 1352/1596/1247 1302/1658/955 1350/1659/1253
f 1388/1600/1139 1318/1604/1132 1328/1599/1137
f 1360/1663/1172 1308/1593/958 1305/1664/965
f 1384/1622/1165 1327/1628/1143 1324/1621/1161
f 1265/1555/1226 1273/1640/1207 1274/1547/1217
f 1364/1594/1245 1304/1587/961 1307/1665/1121
f 1328/1599/1137 1331/1625/958 1327/1628/1143
f 1268/1524/1199 1270/1543/1250 1267/1520/1192
f 1312/1656/1156 1392/1645/1147 1374/1616/1167
f 1330/1624/1140 1332/1627/1121 1329/1617/1145
f 1324/1621/1161 1326/1631/1018 1323/1633/1157
f 1282/1552/1221 1284/1556/1225 1281/1548/1216
f 1395/1602/1179 1394/1666/1146 1393/1708/1134
f 1364/1594/1245 1361/1709/1112 1363/1577/1184
f 1388/1669/1139 1385/1668/1119 1387/1584/1243
f 1391/1603/1185 1390/1646/1141 1389/1704/1186
f 1336/1672/1258 1333/1671/1259 1335/1559/1260
f 1340/1674/1252 1337/1673/1261 1339/1558/1227
f 1352/1676/1247 1349/1700/1181 1351/1579/1180
f 1367/1586/1182 1366/1677/1153 1365/1701/1183
f 1343/1679/1229 1342/1680/1234 1341/1698/1262
f 1380/1683/1150 1377/1682/1135 1379/1601/1248
f 1347/1557/1228 1346/1684/1237 1345/1699/1263
f 1371/1585/1175 1370/1685/1133 1369/1710/1118
f 1359/1689/1189 1358/1711/1130 1357/1687/1113
f 1384/1622/1165 1381/1690/1120 1383/1691/1190
f 1355/1578/1242 1354/1589/1244 1353/1692/1111
f 1376/1695/1168 1373/1694/1136 1375/1696/1191
f 1334/1697/1249 1339/1558/1227 1333/1671/1259
f 1336/1672/1258 1341/1698/1262 1342/1680/1234
f 1344/1681/1233 1345/1699/1263 1346/1684/1237
f 1347/1557/1228 1338/1564/1231 1348/1570/1235
f 1349/1700/1181 1356/1693/1129 1355/1578/1242
f 1351/1579/1180 1358/1711/1130 1352/1676/1247
f 1359/1689/1189 1362/1667/1246 1360/1688/1172
f 1364/1594/1245 1353/1692/1111 1354/1589/1244
f 1365/1701/1183 1372/1686/1131 1371/1585/1175
f 1368/1678/1151 1381/1690/1120 1382/1702/1159
f 1383/1691/1190 1386/1598/1138 1384/1622/1165
f 1387/1584/1243 1370/1685/1133 1388/1669/1139
f 1378/1703/1149 1375/1696/1191 1377/1682/1135
f 1391/1603/1185 1374/1712/1167 1392/1670/1147
f 1380/1683/1150 1393/1708/1134 1394/1666/1146
f 1396/1618/1144 1389/1704/1186 1390/1646/1141
f 1397/958/728 1418/959/1264 1400/971/1265
f 1422/962/1266 1401/963/720 1402/983/703
f 1427/966/1267 1419/965/1268 1415/1462/1269
f 1426/968/1270 1403/969/1271 1404/981/1272
f 1420/972/1273 1400/971/1265 1418/959/1264
f 1405/973/727 1400/971/1265 1408/1422/1274
f 1406/974/1011 1401/963/720 1398/975/708
f 1412/980/1275 1399/979/1276 1404/981/1272
f 1410/982/718 1403/969/1271 1402/983/703
f 1397/958/728 1406/1415/1011 1398/1416/708
f 1416/960/1277 1398/1416/708 1414/1421/1278
f 1399/979/1276 1408/1422/1274 1400/971/1265
f 1402/983/703 1409/1426/719 1410/982/718
f 1404/981/1272 1411/1427/1279 1412/980/1275
f 1414/1432/1278 1401/963/720 1424/964/1280
f 1404/981/1272 1420/972/1273 1426/968/1270
f 1402/983/703 1428/970/1281 1422/962/1266
f 1415/1462/1269 1414/1463/1278 1413/1479/1282
f 1419/965/1268 1418/1465/1264 1417/1480/1283
f 1424/1471/1280 1421/1470/1284 1423/967/1285
f 1428/1473/1281 1425/1472/1286 1427/966/1267
f 1424/1471/1280 1413/1479/1282 1414/1463/1278
f 1416/1464/1277 1417/1480/1283 1418/1465/1264
f 1419/965/1268 1426/968/1270 1420/972/1273
f 1427/966/1267 1422/1481/1266 1428/1473/1281
f 1451/977/1030 1443/976/1039 1439/1476/1027
f 1448/1360/1287 1434/1359/965 1446/1361/1288
f 1444/1363/963 1432/1362/1127 1442/1364/962
f 1452/1366/960 1436/1365/1121 1450/1367/1289
f 1440/1368/1290 1432/1362/1127 1429/1369/955
f 1434/1423/965 1452/1366/960 1446/1424/1288
f 1436/1365/1121 1444/1363/963 1450/1367/1289
f 1440/1368/1290 1430/1438/1124 1438/1439/1291
f 1430/1438/1124 1448/1360/1287 1438/1439/1291
f 1451/977/1030 1450/1447/1289 1449/1484/721
f 1448/1458/1287 1445/1457/1034 1447/978/1033
f 1444/1467/963 1441/1466/722 1443/976/1039
f 1440/1475/1290 1437/1474/723 1439/1476/1027
f 1437/1474/723 1448/1458/1287 1447/978/1033
f 1439/1476/1027 1442/1483/962 1440/1475/1290
f 1443/976/1039 1450/1447/1289 1444/1467/963
f 1452/1448/960 1445/1457/1034 1446/1713/1288
f 490/1/1 488/765/603 108/2/2
f 88/4/4 92/672/566 65/5/5
f 128/7/7 127/84/76 508/8/8
f 510/10/10 124/1714/40 123/11/11
f 110/13/13 109/1715/1292 497/14/14
f 122/16/16 121/27/27 516/17/17
f 102/19/19 104/50/48 93/20/20
f 114/24/24 111/1716/1293 112/22/22
f 112/22/22 3/1717/55 89/23/23
f 84/25/25 111/1716/1293 114/24/24
f 85/29/29 128/7/7 121/27/27
f 121/27/27 122/1718/16 5/28/28
f 494/30/30 116/660/64 115/31/31
f 108/2/2 75/754/72 72/33/33
f 70/36/35 117/1719/78 4/34/34
f 4/34/34 3/57/55 112/35/22
f 112/35/22 83/653/554 70/36/35
f 135/37/36 97/699/581 66/38/37
f 70/36/35 83/653/554 88/4/4
f 504/40/39 125/646/552 124/41/40
f 522/43/41 172/1720/191 171/44/42
f 99/46/44 98/52/50 136/47/45
f 119/49/47 93/20/20 104/50/48
f 98/52/50 99/46/44 102/19/19
f 505/53/51 507/830/628 501/54/52
f 4/34/34 2/1721/65 1/56/54
f 67/58/56 95/63/61 94/59/57
f 8/61/59 134/1722/81 65/5/5
f 65/5/5 92/672/566 129/62/60
f 129/62/60 7/108/82 8/61/59
f 66/38/37 97/699/581 95/63/61
f 136/47/45 77/760/85 74/64/62
f 2/67/65 76/1723/80 107/65/63
f 107/65/63 115/645/31 116/66/64
f 71/68/66 89/734/23 3/69/55
f 82/71/67 78/759/601 8/72/59
f 132/74/69 130/103/87 91/75/70
f 75/77/72 80/753/598 90/78/73
f 1/81/54 109/1724/1292 110/13/13
f 110/13/13 106/655/556 71/80/66
f 86/82/74 81/647/84 126/83/75
f 118/87/79 120/110/89 79/85/77
f 79/85/77 4/1725/34 117/86/78
f 2/88/65 4/1726/34 79/89/77
f 8/92/59 78/1727/601 135/37/36
f 135/37/36 133/39/38 134/91/81
f 7/93/82 73/747/86 85/94/29
f 90/96/73 80/763/598 119/49/47
f 91/75/70 87/104/88 101/97/83
f 81/98/84 86/746/74 74/99/62
f 130/103/87 132/74/69 73/101/86
f 73/101/86 7/1728/82 129/102/60
f 87/104/88 84/25/25 103/26/26
f 124/41/40 125/646/552 82/105/67
f 82/105/67 6/1729/68 123/106/11
f 6/107/68 8/61/59 7/108/82
f 69/60/58 94/59/57 120/110/89
f 527/111/90 529/887/656 531/112/91
f 451/114/93 437/788/613 433/115/94
f 18/117/96 19/161/140 17/118/97
f 200/120/99 438/181/160 440/121/100
f 167/123/102 165/146/125 151/124/103
f 189/126/105 21/133/112 22/127/106
f 196/129/108 195/219/181 548/130/109
f 430/132/111 431/783/611 446/116/95
f 524/45/43 171/44/42 21/133/112
f 190/135/114 147/138/117 146/136/115
f 147/138/117 150/756/599 144/139/118
f 189/126/105 190/135/114 532/140/119
f 155/142/121 193/150/129 26/143/122
f 164/145/124 154/151/130 151/124/103
f 179/149/128 27/176/155 186/147/126
f 186/147/126 161/234/189 140/148/127
f 22/127/106 176/197/172 167/123/102
f 200/120/99 441/122/101 435/152/131
f 29/154/133 30/209/175 31/155/134
f 162/158/137 185/750/597 32/156/135
f 32/156/135 31/155/134 184/157/136
f 184/157/136 163/162/141 162/158/137
f 19/161/140 18/117/96 178/159/138
f 178/159/138 157/231/186 168/160/139
f 168/160/139 175/1730/1294 19/161/140
f 163/162/141 166/230/185 160/163/142
f 170/164/143 145/167/146 24/165/144
f 177/169/148 24/165/144 145/167/146
f 145/167/146 143/171/150 158/168/147
f 159/170/149 158/168/147 143/171/150
f 139/173/152 153/250/204 194/174/153
f 27/176/155 179/149/128 138/177/156
f 188/179/158 429/252/206 434/180/159
f 537/182/161 539/861/644 533/183/162
f 198/185/164 538/242/197 443/186/165
f 436/188/167 442/261/213 448/189/168
f 16/191/170 15/1731/192 17/192/97
f 20/194/98 10/201/173 14/195/171
f 19/199/140 175/1732/1294 176/197/172
f 176/197/172 22/127/106 16/198/170
f 24/200/144 14/195/171 10/201/173
f 178/204/138 18/1733/96 14/203/171
f 14/203/171 24/165/144 177/169/148
f 21/205/112 15/1731/192 16/191/170
f 23/166/145 10/1734/173 20/207/98
f 20/207/98 173/1735/1295 174/208/174
f 30/209/175 29/154/133 192/210/176
f 192/210/176 199/702/583 197/211/177
f 197/211/177 181/657/558 30/209/175
f 30/212/175 13/1736/202 12/213/178
f 32/215/135 9/1737/1296 11/216/179
f 445/218/180 432/229/184 195/219/181
f 11/216/179 9/1737/1296 27/221/155
f 184/225/136 31/1738/134 12/223/178
f 12/223/178 26/143/122 183/224/183
f 12/213/178 13/1736/202 25/226/123
f 27/176/155 9/1739/1296 32/228/135
f 32/228/135 185/1740/597 186/147/126
f 166/230/185 168/160/139 157/231/186
f 144/139/118 150/756/599 152/232/187
f 159/170/149 141/172/151 140/148/127
f 28/178/157 138/177/156 188/179/158
f 188/179/158 200/120/99 191/235/190
f 21/133/112 171/44/42 172/236/191
f 172/236/191 17/1741/97 15/237/192
f 518/238/193 426/265/217 23/166/145
f 541/239/194 543/864/646 545/240/195
f 538/242/197 198/185/164 197/211/177
f 427/134/113 21/133/112 189/126/105
f 180/175/154 194/174/153 156/244/199
f 30/248/175 181/1742/558 182/246/201
f 182/246/201 25/144/123 13/247/202
f 137/245/200 156/244/199 196/129/108
f 142/233/188 152/232/187 153/250/204
f 192/257/176 29/1743/133 11/256/179
f 11/256/179 28/178/157 191/235/190
f 561/258/210 563/818/624 557/259/211
f 442/261/213 439/263/215 449/262/214
f 439/263/215 437/788/613 451/114/93
f 450/264/216 452/220/182 198/185/164
f 426/265/217 528/1744/575 170/164/143
f 562/266/218 455/790/614 467/267/219
f 480/269/221 476/308/260 478/270/222
f 202/272/224 550/1745/592 461/273/225
f 207/276/228 206/696/578 233/277/229
f 457/279/231 479/297/249 246/280/232
f 463/254/208 453/1746/612 560/282/234
f 569/283/235 571/846/636 565/284/236
f 255/268/220 204/274/226 244/286/238
f 551/288/240 553/817/623 555/289/241
f 471/291/243 465/317/269 462/292/244
f 219/294/246 217/338/290 241/295/247
f 554/299/251 203/360/312 204/274/226
f 252/298/250 223/303/255 236/301/253
f 221/302/254 237/304/256 236/301/253
f 221/302/254 219/294/246 239/296/248
f 252/298/250 479/297/249 483/305/257
f 483/305/257 481/780/610 580/306/258
f 480/269/221 458/791/615 460/307/259
f 220/309/261 222/359/311 208/310/262
f 247/312/264 475/349/301 459/313/265
f 233/277/229 206/696/578 250/315/267
f 468/316/268 464/356/308 465/317/269
f 212/318/270 218/320/272 220/309/261
f 214/319/271 215/742/593 218/320/272
f 256/321/273 215/742/593 214/319/271
f 250/315/267 574/705/585 473/323/275
f 477/324/276 475/349/301 250/315/267
f 242/325/277 243/687/573 226/326/278
f 491/328/280 485/1517/1054 487/329/281
f 245/331/283 235/693/576 234/332/284
f 234/332/284 235/693/576 238/334/286
f 232/335/287 238/334/286 240/336/288
f 240/336/288 242/325/277 228/327/279
f 217/338/290 216/287/239 244/286/238
f 211/339/291 227/342/294 225/340/292
f 227/342/294 211/339/291 209/343/295
f 209/343/295 207/276/228 231/278/230
f 205/345/297 224/762/602 251/346/298
f 255/268/220 256/321/273 564/348/300
f 573/350/302 575/854/640 577/351/303
f 251/346/298 252/298/250 580/306/258
f 254/255/209 213/341/293 225/340/292
f 484/271/223 478/270/222 474/354/306
f 464/356/308 468/316/268 456/357/309
f 222/359/311 224/762/602 205/345/297
f 226/326/278 243/687/573 203/360/312
f 570/281/233 246/280/232 245/331/283
f 586/363/315 296/376/328 295/364/316
f 469/366/318 556/300/252 204/274/226
f 581/367/319 583/867/647 585/368/320
f 259/370/322 274/679/570 276/371/323
f 288/373/325 287/408/360 604/374/326
f 296/376/328 586/363/315 584/377/329
f 606/379/331 257/402/354 258/372/324
f 268/381/333 267/659/559 596/382/334
f 276/371/323 275/388/340 612/384/336
f 293/386/338 296/376/328 277/378/330
f 275/388/340 273/391/343 289/389/341
f 272/390/342 292/393/345 289/389/341
f 269/392/344 294/397/349 292/393/345
f 266/394/346 265/418/370 592/395/347
f 269/392/344 268/381/333 295/364/316
f 266/394/346 267/659/559 270/398/350
f 270/398/350 271/401/353 261/400/352
f 271/401/353 274/679/570 259/370/322
f 257/402/354 606/379/331 600/403/355
f 335/405/357 336/667/563 620/406/358
f 287/408/360 290/701/582 283/409/361
f 283/409/361 290/701/582 291/411/363
f 282/412/364 291/411/363 293/386/338
f 607/413/365 609/873/650 611/414/366
f 263/416/368 280/420/372 278/417/369
f 263/416/368 262/422/374 281/419/371
f 260/421/373 284/423/375 281/419/371
f 257/402/354 285/404/356 284/423/375
f 335/405/357 618/407/359 616/424/376
f 53/426/378 55/720/445 56/427/379
f 41/429/381 336/667/563 329/430/382
f 40/433/385 45/1747/443 331/432/384
f 331/432/384 332/434/386 41/429/381
f 332/434/386 331/689/384 626/435/387
f 321/437/389 322/465/417 636/438/390
f 44/440/392 311/478/430 342/441/393
f 305/447/399 326/453/405 324/444/396
f 327/449/401 330/472/424 312/450/402
f 304/452/404 328/446/398 326/453/405
f 48/454/406 334/1748/447 303/455/407
f 303/455/407 302/461/413 339/456/408
f 339/456/408 47/493/440 48/454/406
f 51/457/409 350/529/460 317/458/410
f 317/458/410 298/757/600 345/459/411
f 303/455/407 306/697/579 299/460/412
f 320/464/416 52/528/455 348/462/414
f 348/462/414 638/533/463 632/463/415
f 322/465/417 351/468/420 349/466/418
f 351/468/420 323/470/422 318/469/421
f 323/470/422 325/652/553 315/471/423
f 330/472/424 335/405/357 341/425/377
f 631/473/425 633/904/662 635/474/426
f 311/478/430 44/440/392 340/476/428
f 340/476/428 301/479/431 313/477/429
f 301/479/431 300/483/435 316/480/432
f 307/482/434 343/1749/458 53/426/378
f 54/428/380 346/758/456 297/481/433
f 307/482/434 53/426/378 54/428/380
f 300/483/435 298/757/600 317/458/410
f 309/484/436 310/1750/1297 644/485/437
f 48/487/406 45/1751/443 40/488/385
f 47/490/440 34/498/446 37/491/441
f 47/493/440 46/688/442 45/494/443
f 55/497/445 36/1752/457 50/495/444
f 50/495/444 310/1750/1297 309/496/436
f 34/498/446 44/1753/392 43/499/394
f 48/501/406 39/1754/439 42/431/383
f 42/431/383 333/698/580 334/500/447
f 42/502/383 39/489/439 40/488/385
f 46/505/442 37/1755/441 43/442/394
f 43/442/394 337/1756/1298 338/504/448
f 340/476/428 44/440/392 34/506/446
f 34/506/446 47/1757/440 339/507/408
f 38/508/449 36/523/457 55/509/445
f 33/511/450 35/517/454 54/512/380
f 650/514/451 380/536/466 379/515/452
f 35/517/454 33/511/450 52/518/455
f 54/521/380 35/1758/454 51/457/409
f 51/457/409 345/459/411 346/520/456
f 38/508/449 49/1759/395 50/522/444
f 344/526/459 49/443/395 38/524/449
f 38/524/449 53/1760/378 343/525/458
f 52/528/455 33/1761/450 56/527/379
f 56/527/379 347/1762/464 348/462/414
f 52/528/455 320/464/416 350/529/460
f 644/485/437 310/1750/1297 50/495/444
f 315/471/423 325/652/553 327/449/401
f 338/530/448 337/1756/1298 624/531/461
f 299/460/412 306/697/579 307/482/434
f 638/533/463 348/462/414 347/534/464
f 57/538/468 58/643/529 380/536/466
f 380/536/466 650/514/451 648/537/467
f 648/537/467 381/1763/1299 57/538/468
f 64/541/471 401/1764/577 402/539/469
f 402/539/469 424/631/544 413/540/470
f 62/542/472 61/577/505 394/543/473
f 394/543/473 658/779/609 661/544/474
f 661/544/474 395/555/485 62/542/472
f 417/545/475 418/611/532 672/546/476
f 666/548/478 391/624/540 392/549/479
f 671/551/481 653/1518/1055 655/552/482
f 664/554/484 396/635/547 395/555/485
f 405/556/486 404/632/545 372/557/487
f 380/560/466 58/1765/529 363/559/489
f 363/559/489 384/567/496 379/515/452
f 388/561/490 377/592/520 358/562/491
f 409/564/493 414/773/607 360/565/494
f 384/567/496 383/590/518 656/568/497
f 375/570/499 378/738/591 368/571/500
f 373/573/502 375/570/499 370/572/501
f 371/574/503 401/695/577 64/575/471
f 64/575/471 63/578/506 400/576/504
f 400/576/504 373/573/502 371/574/503
f 61/577/505 62/542/472 63/578/506
f 357/579/507 362/656/557 406/580/508
f 367/582/510 389/613/534 419/583/511
f 420/585/513 385/602/528 357/579/507
f 674/586/514 660/1766/608 393/587/515
f 364/589/517 415/768/605 417/545/475
f 361/591/519 358/562/491 377/592/520
f 361/591/519 376/593/521 374/594/522
f 60/596/524 390/684/535 368/571/500
f 368/571/500 378/738/591 387/597/525
f 387/597/525 59/642/536 60/596/524
f 411/598/526 415/770/605 364/599/517
f 411/601/526 354/736/527 385/602/528
f 58/603/529 59/1767/536 353/604/530
f 413/606/470 410/772/546 61/607/505
f 418/611/532 416/1768/606 57/609/468
f 57/609/468 381/1769/1299 382/610/531
f 390/614/535 60/1770/524 412/612/533
f 412/612/533 419/583/511 389/613/534
f 59/616/536 387/1771/525 388/561/490
f 388/561/490 386/563/492 353/615/530
f 57/617/468 416/1772/606 412/618/533
f 398/620/537 365/595/523 374/594/522
f 405/556/486 369/558/488 367/582/510
f 422/622/539 409/774/493 356/623/495
f 62/625/472 355/729/548 359/626/541
f 360/628/494 414/776/607 423/629/542
f 424/631/544 402/539/469 372/557/487
f 421/588/516 393/587/515 394/633/473
f 394/633/473 61/1773/505 410/634/546
f 62/637/472 395/1774/485 396/635/547
f 396/635/547 392/549/479 355/636/548
f 398/620/537 399/621/538 400/638/504
f 400/638/504 63/1775/506 359/639/541
f 366/640/549 397/630/543 423/629/542
f 57/538/468 60/596/524 59/642/536
f 300/483/435 301/479/431 302/461/413
f 328/446/398 329/430/382 330/472/424
f 486/644/551 496/1776/32 115/645/31
f 125/646/552 126/83/75 81/647/84
f 360/628/494 397/630/543 398/620/537
f 154/151/130 193/150/129 194/174/153
f 225/650/292 226/326/278 201/361/313
f 225/650/292 227/658/294 228/327/279
f 262/422/374 263/416/368 264/399/351
f 294/397/349 295/364/316 296/376/328
f 328/446/398 327/449/401 325/652/553
f 84/25/25 87/104/88 88/4/4
f 110/13/13 500/15/15 492/654/555
f 112/35/22 111/1716/1293 84/25/25
f 358/562/491 361/591/519 362/656/557
f 654/569/498 652/516/453 379/515/452
f 385/602/528 386/563/492 358/562/491
f 156/244/199 194/174/153 193/150/129
f 155/142/121 195/219/181 196/129/108
f 181/657/558 197/211/177 198/185/164
f 227/658/294 229/670/296 230/337/289
f 268/381/333 269/392/344 270/398/350
f 1/56/54 2/1721/65 116/660/64
f 116/660/64 494/30/30 497/14/14
f 497/14/14 109/1715/1292 1/56/54
f 127/84/76 128/7/7 85/661/29
f 341/425/377 342/1777/393 311/662/430
f 383/590/518 384/567/496 363/663/489
f 663/664/560 662/810/621 657/665/561
f 159/170/149 160/163/142 157/231/186
f 178/159/138 177/169/148 158/168/147
f 201/361/313 203/360/312 554/299/251
f 231/669/230 232/335/287 230/337/289
f 329/430/382 336/667/563 335/405/357
f 624/531/461 337/1756/1298 43/442/394
f 43/442/394 342/441/393 614/671/565
f 87/104/88 91/75/70 92/672/566
f 502/673/567 126/83/75 125/646/552
f 365/595/523 366/640/549 362/656/557
f 383/590/518 417/545/475 670/547/477
f 159/170/149 161/234/189 162/158/137
f 558/674/568 253/322/274 254/255/209
f 233/675/229 234/332/284 232/335/287
f 566/676/569 248/333/285 247/677/264
f 272/390/342 273/391/343 274/679/570
f 305/447/399 306/697/579 303/455/407
f 630/680/571 319/467/419 320/681/416
f 113/51/49 114/24/24 89/683/23
f 127/84/76 126/83/75 502/673/567
f 390/684/535 389/1778/534 367/685/510
f 520/686/572 173/1779/1295 20/119/98
f 17/118/97 172/1720/191 522/43/41
f 520/686/572 20/119/98 17/118/97
f 243/687/573 244/286/238 204/274/226
f 233/675/229 247/677/264 248/333/285
f 564/348/300 256/321/273 253/322/274
f 272/390/342 271/401/353 270/398/350
f 46/688/442 338/530/448 622/532/462
f 622/532/462 626/435/387 331/689/384
f 331/689/384 45/494/443 46/688/442
f 340/476/428 339/456/408 302/461/413
f 506/9/9 516/17/17 121/27/27
f 130/103/87 129/62/60 92/672/566
f 396/635/547 664/554/484 668/550/480
f 365/595/523 398/620/537 397/630/543
f 164/145/124 165/146/125 166/230/185
f 526/690/574 169/137/116 170/691/143
f 184/157/136 183/224/183 164/145/124
f 237/304/256 238/334/286 235/693/576
f 235/693/576 245/331/283 246/280/232
f 367/685/510 369/700/488 370/572/501
f 588/365/317 295/364/316 268/381/333
f 344/526/459 343/1749/458 307/482/434
f 95/63/61 96/21/21 93/20/20
f 119/49/47 120/110/89 94/59/57
f 123/11/11 6/107/68 5/109/28
f 5/109/28 122/16/16 514/18/18
f 514/18/18 512/12/12 123/11/11
f 372/694/487 402/1780/469 401/695/577
f 165/146/125 167/123/102 168/160/139
f 532/140/119 190/135/114 169/137/116
f 206/696/578 207/276/228 208/310/262
f 239/296/248 240/336/288 238/334/286
f 572/362/314 245/331/283 248/333/285
f 249/347/299 250/315/267 206/696/578
f 273/391/343 275/388/340 276/371/323
f 308/448/400 307/482/434 306/697/579
f 630/680/571 636/438/390 322/465/417
f 303/455/407 334/1748/447 333/698/580
f 97/699/581 98/52/50 96/21/21
f 369/700/488 372/694/487 371/574/503
f 174/208/174 173/1779/1295 520/686/572
f 666/548/478 676/767/604 422/622/539
f 288/373/325 289/389/341 290/701/582
f 176/197/172 175/1730/1294 168/160/139
f 199/702/583 200/1781/99 536/703/132
f 207/276/228 209/343/295 210/311/263
f 239/296/248 241/295/247 242/325/277
f 574/705/585 250/315/267 249/347/299
f 598/707/587 286/410/362 285/708/356
f 280/710/372 281/733/371 282/412/364
f 265/418/370 266/394/346 264/399/351
f 382/711/531 381/1763/1299 648/537/467
f 313/713/429 314/451/403 312/450/402
f 67/714/56 68/6/6 65/5/5
f 377/592/520 378/738/591 375/570/499
f 65/5/5 134/1722/81 133/716/38
f 97/699/581 135/37/36 136/47/45
f 179/717/128 180/175/154 137/245/200
f 187/249/203 188/1782/158 138/718/156
f 199/702/583 534/704/584 540/243/198
f 211/339/291 212/318/270 210/311/263
f 241/295/247 244/286/238 243/687/573
f 249/347/299 251/346/298 578/353/305
f 590/396/348 596/382/334 267/659/559
f 278/719/369 280/710/372 279/387/339
f 55/720/445 309/484/436 642/486/438
f 642/486/438 640/535/465 347/534/464
f 347/534/464 56/427/379 55/720/445
f 69/721/58 70/36/35 68/6/6
f 101/97/83 102/19/19 99/46/44
f 376/593/521 375/570/499 373/573/502
f 131/48/46 132/74/69 100/76/71
f 400/576/504 399/621/538 374/594/522
f 141/722/151 142/233/188 139/173/152
f 180/175/154 179/717/128 140/723/127
f 542/724/205 188/1782/158 187/249/203
f 213/341/293 214/319/271 212/318/270
f 582/726/590 278/719/369 277/378/330
f 285/708/356 286/410/362 283/409/361
f 602/375/327 612/384/336 275/388/340
f 316/728/432 317/752/410 318/469/421
f 101/97/83 103/26/26 104/50/48
f 356/566/495 360/565/494 359/626/541
f 118/730/79 117/1719/78 70/36/35
f 355/731/548 392/549/479 391/624/540
f 141/722/151 143/739/150 144/139/118
f 187/249/203 196/129/108 546/131/110
f 265/418/370 278/417/369 582/732/590
f 213/341/293 254/255/209 253/322/274
f 284/727/375 283/409/361 282/412/364
f 604/374/326 287/408/360 286/410/362
f 313/713/429 316/728/432 315/471/423
f 72/79/33 90/78/73 89/734/23
f 71/735/66 106/655/556 105/3/3
f 103/26/26 114/24/24 113/51/49
f 354/600/527 364/599/517 363/605/489
f 386/563/492 385/602/528 354/736/527
f 388/561/490 387/597/525 378/738/591
f 143/739/150 145/749/146 146/136/115
f 202/651/224 201/361/313 552/668/564
f 191/741/190 200/1781/99 199/702/583
f 217/338/290 218/320/272 215/742/593
f 256/321/273 255/268/220 216/287/239
f 613/743/594 615/813/622 617/744/595
f 349/466/418 350/751/460 320/681/416
f 86/746/74 85/94/29 73/747/86
f 132/74/69 131/48/46 74/64/62
f 145/749/146 170/691/143 169/137/116
f 219/294/246 220/309/261 218/320/272
f 276/371/323 610/385/337 608/380/332
f 161/234/189 186/147/126 185/750/597
f 350/751/460 349/466/418 318/469/421
f 76/90/80 79/89/77 80/753/598
f 75/754/72 108/2/2 107/65/63
f 148/128/107 149/125/104 150/756/599
f 190/135/114 189/126/105 148/128/107
f 219/294/246 221/302/254 222/359/311
f 260/421/373 262/422/374 261/400/352
f 298/757/600 300/483/435 299/460/412
f 324/444/396 326/453/405 325/652/553
f 346/758/456 345/459/411 298/757/600
f 323/470/422 351/468/420 352/445/397
f 82/71/67 81/98/84 77/100/85
f 382/610/531 646/1783/588 672/546/476
f 77/760/85 136/47/45 135/37/36
f 151/124/103 152/232/187 150/756/599
f 294/397/349 293/386/338 291/411/363
f 221/302/254 223/303/255 224/762/602
f 260/421/373 259/370/322 258/372/324
f 292/393/345 291/411/363 290/701/582
f 321/437/389 352/445/397 351/468/420
f 120/110/89 119/49/47 80/763/598
f 151/124/103 154/151/130 153/250/204
f 252/298/250 251/346/298 224/762/602
f 105/3/3 106/655/556 492/654/555
f 406/580/508 362/656/557 366/640/549
f 107/65/63 108/2/2 488/765/603
f 614/766/565 342/1777/393 341/425/377
f 421/588/516 422/622/539 676/767/604
f 418/611/532 417/545/475 415/768/605
f 404/632/545 405/556/486 406/580/508
f 423/629/542 424/631/544 404/632/545
f 408/584/512 419/583/511 420/585/513
f 408/584/512 407/581/509 406/580/508
f 412/618/533 416/1772/606 415/770/605
f 420/585/513 419/583/511 412/771/533
f 410/772/546 413/606/470 414/773/607
f 409/774/493 422/622/539 421/588/516
f 424/631/544 423/629/542 414/776/607
f 394/543/473 393/1784/515 660/778/608
f 449/262/214 450/264/216 447/187/166
f 451/114/93 452/220/182 450/264/216
f 480/269/221 484/271/223 483/305/257
f 471/291/243 472/275/227 467/267/219
f 481/780/610 483/305/257 484/271/223
f 469/366/318 472/275/227 471/291/243
f 430/132/111 433/115/94 434/781/159
f 445/218/180 446/116/95 431/783/611
f 433/115/94 437/788/613 438/784/160
f 441/785/101 442/261/213 436/188/167
f 453/787/612 463/795/208 464/356/308
f 437/788/613 439/263/215 440/789/100
f 468/316/268 467/267/219 455/790/614
f 439/263/215 442/261/213 441/785/101
f 480/269/221 479/297/249 457/279/231
f 459/792/265 475/797/301 476/308/260
f 444/190/169 448/189/168 447/187/166
f 465/317/269 466/1785/207 461/793/225
f 478/270/222 477/796/276 473/794/275
f 452/220/182 451/114/93 446/116/95
f 463/795/208 466/1785/207 465/317/269
f 477/796/276 478/270/222 476/308/260
f 487/329/281 485/1517/1054 486/798/551
f 489/330/282 490/1/1 492/654/555
f 649/800/616 650/905/451 652/516/453
f 496/802/32 495/879/652 493/803/618
f 500/15/15 497/807/14 498/805/619
f 494/804/30 493/803/618 498/805/619
f 658/808/609 660/914/608 659/666/562
f 661/809/474 662/810/621 663/664/560
f 658/808/609 657/665/561 662/810/621
f 617/744/595 618/899/359 620/406/358
f 551/288/240 549/290/242 550/811/592
f 615/813/622 613/743/594 614/814/565
f 655/552/482 653/1518/1055 654/569/498
f 553/817/623 554/1786/251 556/300/252
f 563/818/624 561/258/210 562/266/218
f 625/820/625 627/901/661 628/436/388
f 501/54/52 502/880/567 504/822/39
f 519/823/626 517/884/654 518/824/193
f 557/259/211 558/891/568 560/826/234
f 624/827/461 623/900/660 621/828/627
f 626/821/387 622/829/462 621/828/627
f 507/830/628 505/53/51 506/9/9
f 521/832/629 522/882/41 524/45/43
f 585/368/320 586/894/315 588/365/317
f 635/474/426 633/904/662 634/439/391
f 511/835/631 509/881/653 510/836/10
f 525/113/92 526/886/574 528/838/575
f 565/284/236 566/892/569 568/839/266
f 629/475/427 630/902/571 632/840/415
f 513/841/632 514/1787/18 516/17/17
f 665/843/634 666/912/478 668/550/480
f 531/112/91 529/887/656 530/141/120
f 571/846/636 569/283/235 570/281/233
f 595/848/637 593/895/658 594/383/335
f 641/850/638 642/903/438 644/485/437
f 533/183/162 534/889/584 536/852/132
f 573/350/302 574/893/585 576/853/586
f 589/855/641 590/896/348 592/856/347
f 639/858/643 637/1516/1053 638/859/463
f 539/861/644 537/182/161 538/242/197
f 579/352/304 577/351/303 578/353/305
f 603/863/645 601/898/659 602/375/327
f 543/864/646 541/239/194 542/865/205
f 583/867/647 581/367/319 582/868/590
f 597/870/648 598/897/587 600/871/355
f 545/240/195 546/890/110 548/130/109
f 609/873/650 610/385/337 612/384/336
f 607/413/365 605/415/367 606/874/331
f 647/876/651 645/911/664 646/877/588
f 489/330/282 487/329/281 488/799/603
f 486/798/551 485/1517/1054 495/879/652
f 492/654/555 500/15/15 499/806/620
f 507/830/628 508/831/8 502/880/567
f 504/822/39 510/836/10 509/881/653
f 512/837/12 514/1787/18 513/841/632
f 506/9/9 505/53/51 515/842/633
f 521/832/629 519/823/626 520/825/572
f 426/883/217 518/824/193 517/884/654
f 427/134/113 428/888/657 523/833/630
f 525/113/92 531/112/91 532/845/119
f 426/883/217 425/885/655 527/111/90
f 427/134/113 530/141/120 529/887/656
f 539/861/644 540/862/198 534/889/584
f 435/786/131 436/188/167 535/184/163
f 443/186/165 538/242/197 537/182/161
f 429/782/206 542/865/205 541/239/194
f 546/890/110 545/240/195 543/864/646
f 432/229/184 431/783/611 547/241/196
f 461/793/225 550/811/592 549/290/242
f 552/812/564 554/1786/251 553/817/623
f 469/366/318 470/293/245 555/289/241
f 563/818/624 564/819/300 558/891/568
f 453/787/612 454/358/310 559/260/212
f 455/790/614 562/266/218 561/258/210
f 571/846/636 572/847/314 566/892/569
f 459/792/265 460/307/259 567/285/237
f 457/279/231 570/281/233 569/283/235
f 574/893/585 573/350/302 474/354/306
f 576/853/586 578/353/305 577/351/303
f 481/780/610 482/355/307 579/352/304
f 583/867/647 584/869/329 586/894/315
f 582/868/590 581/367/319 591/857/642
f 588/365/317 594/383/335 593/895/658
f 590/896/348 589/855/641 595/848/637
f 597/870/648 603/863/645 604/374/326
f 606/874/331 605/415/367 599/872/649
f 608/875/332 610/385/337 609/873/650
f 612/384/336 602/375/327 601/898/659
f 615/813/622 616/815/376 618/899/359
f 614/814/565 613/743/594 623/900/660
f 620/406/358 628/436/388 627/901/661
f 629/475/427 635/474/426 636/834/390
f 638/859/463 637/1516/1053 631/473/425
f 642/903/438 641/850/638 639/858/643
f 644/485/437 634/439/391 633/904/662
f 647/876/651 648/878/467 650/905/451
f 654/569/498 653/1518/1055 651/801/617
f 664/554/484 663/664/560 667/844/635
f 669/553/483 670/910/477 672/906/476
f 675/907/663 673/913/665 674/908/514
f 669/553/483 655/552/482 656/816/497
f 645/911/664 671/551/481 672/906/476
f 665/843/634 675/907/663 676/909/604
f 673/913/665 659/666/562 660/914/608
f 519/823/626 521/832/629 523/833/630
f 927/915/666 928/922/672 1012/916/667
f 944/918/669 947/1788/1300 935/919/670
f 935/921/670 933/1429/1013 928/922/672
f 925/924/673 926/935/684 1008/925/674
f 1002/927/676 933/1429/1013 934/928/677
f 932/930/679 940/1789/1015 937/931/680
f 936/932/681 948/944/692 945/933/682
f 926/935/684 938/1425/691 929/936/685
f 925/924/673 1006/926/675 1000/937/686
f 1090/938/687 944/918/669 943/939/688
f 942/941/690 943/939/688 929/942/685
f 948/944/692 947/1788/1300 1084/945/693
f 1086/947/695 942/941/690 941/948/696
f 1087/952/700 1077/1512/1052 1079/1502/1048
f 1079/1502/1048 1081/1511/1051 1083/950/698
f 1083/950/698 1089/1509/1050 1091/951/699
f 1091/951/699 1085/1507/1049 1087/952/700
f 1087/952/700 1079/1502/1048 1083/950/698
f 931/953/701 934/928/677 936/954/681
f 937/956/680 940/1790/1015 946/957/702
f 949/958/703 952/971/716 1018/959/704
f 945/933/682 948/944/692 1082/946/694
f 1022/962/707 954/983/728 953/963/708
f 1023/967/712 1013/1479/1037 1015/1462/1029
f 1015/1462/1029 1017/1480/1038 1019/965/710
f 1019/965/710 1025/1472/1032 1027/966/711
f 1027/966/711 1021/1470/1031 1023/967/712
f 1023/967/712 1015/1462/1029 1019/965/710
f 1026/968/713 956/981/726 955/969/714
f 952/971/716 951/979/724 1020/972/717
f 957/973/718 960/1422/1010 952/971/716
f 953/963/708 961/1426/1011 958/974/719
f 1039/978/723 1029/1474/1033 1031/1476/1034
f 1031/1476/1034 1033/1466/1030 1035/976/721
f 1035/976/721 1041/1484/1039 1043/977/722
f 1043/977/722 1037/1457/1027 1039/978/723
f 1039/978/723 1031/1476/1034 1035/976/721
f 951/979/724 959/1791/1301 964/980/725
f 955/969/714 963/1427/1012 962/982/727
f 711/984/729 693/1047/729 701/985/730
f 684/987/732 689/1038/736 707/988/733
f 678/990/735 687/1026/754 688/991/736
f 682/993/737 686/1056/740 706/994/730
f 693/996/729 695/1792/729 679/997/729
f 696/999/735 678/1793/735 680/1000/735
f 677/1002/729 679/1075/729 690/1003/739
f 684/1005/732 683/1794/761 682/1006/737
f 680/992/735 688/991/736 702/1008/733
f 717/1010/742 698/995/738 706/994/730
f 721/1012/744 740/1025/753 708/1013/745
f 718/1015/747 738/1030/756 739/1016/748
f 718/1018/747 722/1077/749 724/1019/750
f 700/1021/746 683/1794/761 684/1005/732
f 702/1008/733 688/991/736 692/1023/739
f 727/1024/752 702/1008/733 708/1013/745
f 692/1023/739 688/991/736 687/1026/754
f 690/1003/739 689/1038/736 691/1028/754
f 705/1029/755 734/1078/770 726/986/731
f 738/1030/756 732/1067/765 728/1031/757
f 707/988/733 689/1038/736 690/1003/739
f 721/1033/744 700/1021/746 699/1022/734
f 710/1035/729 729/1057/763 703/1032/745
f 681/1037/741 691/1028/754 689/1038/736
f 715/1039/735 694/1009/735 702/1008/733
f 682/1040/737 683/1052/761 692/1023/739
f 714/1041/735 731/1053/762 704/1042/755
f 719/1044/759 734/1078/770 705/1029/755
f 677/1046/729 685/1055/740 701/985/730
f 694/1001/735 715/1795/735 716/1048/735
f 716/1048/735 713/1796/735 714/1049/735
f 714/1049/735 696/999/735 694/1001/735
f 678/1050/735 696/1043/735 704/1042/755
f 683/1052/761 700/1014/746 708/1013/745
f 706/994/730 704/1042/755 731/1053/762
f 691/1054/754 705/1029/755 701/985/730
f 687/1051/754 704/1042/755 706/994/730
f 729/1057/763 736/1059/764 707/988/733
f 723/1058/758 699/989/734 707/988/733
f 682/1060/737 698/1064/738 697/1061/760
f 681/1063/741 697/1045/760 705/1029/755
f 698/1064/738 717/1076/742 719/1065/759
f 713/1066/735 716/1797/735 728/1031/757
f 712/1068/729 725/1074/769 730/1069/766
f 720/1071/751 724/1798/750 735/1072/767
f 733/1073/768 735/1072/767 730/1069/766
f 679/1075/729 695/1036/729 703/1032/745
f 728/1031/757 716/1797/735 715/1039/735
f 733/1073/768 734/1078/770 719/1044/759
f 721/1012/744 722/1017/749 739/1016/748
f 720/1020/751 719/1065/759 717/1076/742
f 717/1010/742 737/1011/743 738/1030/756
f 723/1034/758 724/1019/750 722/1077/749
f 733/1073/768 725/1074/769 726/986/731
f 729/1057/763 730/1069/766 735/1072/767
f 738/1030/756 737/1011/743 731/1053/762
f 727/1024/752 740/1025/753 739/1016/748
f 735/1072/767 724/1798/750 723/1058/758
f 730/1069/766 729/1057/763 710/1035/729
f 711/984/729 726/986/731 725/1074/769
f 732/1067/765 731/1053/762 714/1041/735
f 693/996/729 711/1799/729 712/1079/729
f 712/1079/729 709/1800/729 710/1080/729
f 710/1080/729 695/1792/729 693/996/729
f 744/1081/771 752/1124/806 766/1082/772
f 786/1084/774 764/1119/801 763/1085/775
f 787/1087/777 800/1175/833 797/1088/778
f 741/1090/780 749/1153/808 765/1091/781
f 758/1093/773 760/1801/793 742/1094/783
f 759/1096/784 743/1802/822 741/1097/780
f 783/1099/785 798/1172/832 769/1100/786
f 745/1102/788 748/1120/802 747/1103/789
f 778/1105/791 796/1151/826 768/1106/792
f 781/1108/794 762/1138/818 770/1109/795
f 747/1111/789 756/1121/803 750/1112/797
f 782/1114/798 785/1174/825 787/1115/777
f 779/1117/799 758/1083/773 766/1082/772
f 764/1119/801 747/1103/789 748/1120/802
f 766/1082/772 752/1124/806 756/1121/803
f 791/1118/800 766/1082/772 772/1122/804
f 750/1112/797 756/1121/803 752/1124/806
f 749/1126/808 754/1134/816 753/1127/809
f 769/1100/786 798/1172/832 790/1129/811
f 801/1130/812 795/1165/830 792/1131/813
f 771/1133/815 753/1127/809 754/1134/816
f 741/1136/780 743/1147/822 754/1134/816
f 746/1137/790 750/1155/797 770/1109/795
f 744/1081/771 742/1803/783 751/1125/807
f 748/1139/802 753/1127/809 771/1133/815
f 775/1141/819 757/1092/782 765/1091/781
f 788/1142/776 763/1140/775 771/1133/815
f 774/1144/821 793/1156/827 767/1135/817
f 745/1146/788 755/1128/810 753/1127/809
f 747/1111/789 764/1158/801 772/1122/804
f 743/1147/822 759/1145/784 767/1135/817
f 797/1088/778 800/1175/833 794/1148/823
f 785/1150/825 782/1177/798 801/1130/812
f 770/1109/795 768/1106/792 796/1151/826
f 755/1152/810 769/1100/786 765/1091/781
f 751/1154/807 768/1106/792 770/1109/795
f 793/1156/827 799/1143/820 771/1133/815
f 786/1157/774 803/1123/805 772/1122/804
f 742/1159/783 760/1107/793 768/1106/792
f 746/1160/790 762/1170/818 761/1161/787
f 773/1163/828 776/1176/834 789/1149/824
f 780/1164/829 792/1131/813 795/1165/830
f 758/1093/773 779/1804/799 780/1167/829
f 780/1167/829 777/1805/831 778/1168/791
f 778/1168/791 760/1801/793 758/1093/773
f 745/1169/788 761/1101/787 769/1100/786
f 762/1170/818 781/1173/794 783/1171/785
f 798/1172/832 783/1099/785 784/1089/779
f 799/1143/820 800/1175/833 787/1087/777
f 791/1118/800 792/1131/813 780/1164/829
f 784/1116/779 783/1171/785 781/1173/794
f 777/1166/831 795/1165/830 796/1151/826
f 788/1086/776 787/1115/777 785/1174/825
f 797/1088/778 789/1149/824 790/1129/811
f 793/1156/827 794/1148/823 800/1175/833
f 795/1165/830 801/1130/812 802/1110/796
f 803/1123/805 804/1132/814 792/1131/813
f 776/1176/834 775/1141/819 790/1129/811
f 802/1110/796 801/1130/812 782/1177/798
f 803/1123/805 786/1157/774 785/1150/825
f 773/1163/828 794/1148/823 793/1156/827
f 757/1098/782 775/1806/819 776/1178/834
f 776/1178/834 773/1807/828 774/1179/821
f 774/1179/821 759/1096/784 757/1098/782
f 835/1180/835 826/1251/886 825/1181/836
f 843/1183/838 856/1258/890 853/1184/839
f 839/1186/841 854/1224/871 819/1187/842
f 831/1189/844 805/1808/872 813/1190/845
f 805/1809/872 831/1810/844 832/1192/847
f 832/1192/847 829/1811/885 830/1193/848
f 830/1193/848 828/1812/879 807/1194/849
f 807/1194/849 805/1809/872 832/1192/847
f 844/1195/850 824/1237/862 821/1196/851
f 809/1198/843 812/1213/863 811/1199/853
f 811/1201/853 820/1216/866 814/1202/855
f 840/1204/840 838/1255/888 841/1205/856
f 847/1182/837 825/1181/836 822/1207/857
f 834/1209/859 852/1241/882 815/1210/860
f 824/1212/862 823/1253/865 811/1199/853
f 842/1214/864 859/1208/858 822/1207/857
f 820/1216/866 816/1229/875 815/1217/860
f 818/1218/867 817/1234/878 819/1219/842
f 851/1221/868 848/1254/887 860/1222/869
f 854/1224/871 846/1191/846 813/1190/845
f 807/1225/849 818/1218/867 813/1220/845
f 821/1196/851 817/1234/878 818/1218/867
f 808/1228/874 806/1813/861 815/1217/860
f 837/1230/876 810/1814/854 814/1231/855
f 807/1225/849 828/1236/879 827/1227/873
f 812/1233/863 809/1815/843 819/1219/842
f 830/1235/848 849/1257/889 827/1227/873
f 812/1233/863 817/1234/878 821/1196/851
f 853/1184/839 856/1258/890 850/1238/880
f 841/1240/856 838/1259/888 857/1223/870
f 852/1241/882 858/1232/877 814/1231/855
f 825/1181/836 816/1229/875 820/1216/866
f 837/1242/876 839/1816/841 809/1243/843
f 826/1817/886 835/1818/835 836/1245/883
f 836/1245/883 833/1819/884 834/1246/859
f 834/1246/859 806/1820/861 808/1247/874
f 808/1247/874 826/1817/886 836/1245/883
f 836/1248/883 848/1254/887 851/1221/868
f 829/1250/885 832/1821/847 845/1239/881
f 811/1201/853 823/1215/865 822/1207/857
f 808/1228/874 816/1229/875 825/1181/836
f 844/1252/850 842/1256/864 823/1253/865
f 839/1186/841 840/1185/840 853/1184/839
f 855/1197/852 856/1258/890 843/1183/838
f 835/1180/835 847/1182/837 848/1254/887
f 840/1204/840 839/1816/841 837/1242/876
f 851/1221/868 852/1241/882 834/1209/859
f 842/1256/864 844/1252/850 843/1206/838
f 853/1184/839 845/1239/881 846/1191/846
f 849/1257/889 850/1238/880 856/1258/890
f 851/1221/868 857/1223/870 858/1232/877
f 859/1208/858 860/1222/869 848/1254/887
f 845/1239/881 832/1821/847 831/1189/844
f 837/1230/876 858/1232/877 857/1223/870
f 859/1208/858 842/1214/864 841/1240/856
f 829/1250/885 850/1238/880 849/1257/889
f 855/1197/852 821/1196/851 827/1227/873
f 904/1260/891 917/1306/933 889/1261/892
f 899/1263/894 878/1320/902 886/1264/895
f 867/1266/897 876/1299/926 870/1267/898
f 878/1271/902 899/1822/894 900/1269/900
f 900/1269/900 897/1823/951 898/1270/901
f 898/1270/901 880/1824/947 878/1271/902
f 877/1272/903 879/1825/913 863/1273/904
f 878/1271/902 880/1824/947 862/1275/906
f 865/1277/908 875/1305/932 873/1278/909
f 865/1280/908 868/1298/910 867/1281/897
f 894/1283/911 914/1344/950 887/1284/912
f 901/1286/914 882/1324/941 890/1287/915
f 907/1289/917 905/1354/940 884/1290/918
f 902/1292/920 906/1355/945 908/1293/921
f 895/1295/923 877/1313/903 885/1296/924
f 884/1290/918 867/1281/897 868/1298/910
f 886/1264/895 872/1302/929 876/1299/926
f 912/1265/896 886/1264/895 892/1300/927
f 870/1267/898 876/1299/926 872/1302/929
f 869/1304/931 874/1311/938 873/1278/909
f 885/1296/924 889/1261/892 917/1306/933
f 921/1307/934 915/1349/952 911/1308/935
f 891/1310/937 873/1278/909 874/1311/938
f 861/1312/905 869/1340/931 885/1296/924
f 908/1314/921 919/1327/943 918/1315/939
f 905/1317/940 924/1301/928 892/1300/927
f 864/1319/907 872/1302/929 886/1264/895
f 863/1321/904 874/1311/938 869/1304/931
f 866/1323/899 870/1342/898 890/1287/915
f 864/1319/907 862/1826/906 871/1303/930
f 868/1279/910 873/1278/909 891/1310/937
f 910/1326/942 918/1315/939 919/1327/943
f 902/1329/920 921/1307/934 923/1309/936
f 882/1331/941 901/1353/914 904/1332/891
f 865/1334/908 881/1262/893 889/1261/892
f 898/1336/901 916/1339/948 888/1337/946
f 890/1287/915 888/1337/946 916/1339/948
f 875/1335/932 889/1261/892 885/1296/924
f 871/1341/930 888/1337/946 890/1287/915
f 920/1343/949 891/1310/937 887/1284/912
f 907/1345/917 883/1325/919 891/1310/937
f 863/1321/904 879/1285/913 887/1284/912
f 866/1346/899 882/1331/941 881/1333/893
f 867/1266/897 884/1318/918 892/1300/927
f 897/1348/951 900/1356/900 911/1308/935
f 893/1350/953 896/1352/954 910/1326/942
f 862/1351/906 880/1338/947 888/1337/946
f 915/1349/952 916/1339/948 898/1336/901
f 895/1295/923 909/1297/925 910/1326/942
f 923/1309/936 924/1301/928 905/1317/940
f 903/1294/922 904/1332/891 901/1353/914
f 913/1328/944 914/1344/950 894/1283/911
f 905/1354/940 907/1289/917 908/1293/921
f 918/1315/939 910/1326/942 909/1297/925
f 914/1344/950 913/1328/944 919/1327/943
f 915/1349/952 921/1307/934 922/1288/916
f 924/1301/928 923/1309/936 911/1308/935
f 899/1263/894 912/1265/896 911/1308/935
f 907/1345/917 920/1343/949 919/1327/943
f 904/1260/891 903/1316/922 918/1315/939
f 901/1286/914 922/1288/916 921/1307/934
f 877/1272/903 895/1827/923 896/1357/954
f 896/1357/954 893/1828/953 894/1358/911
f 894/1358/911 879/1825/913 877/1272/903
f 970/1359/955 969/1829/1124 1040/1360/956
f 968/1362/958 967/1830/1121 1036/1363/959
f 972/1365/961 971/1831/1127 1044/1366/962
f 968/1362/958 1034/1364/960 1032/1368/964
f 1047/1372/968 1053/1486/1041 1055/1459/1028
f 1055/1459/1028 1057/1487/1042 1059/1370/966
f 1059/1370/966 1049/1454/1026 1051/1371/967
f 1051/1371/967 1045/1485/1040 1047/1372/968
f 1047/1372/968 1055/1459/1028 1059/1370/966
f 975/1373/969 976/1390/985 1060/1374/970
f 1050/1376/972 982/1420/1008 981/1377/973
f 974/1379/975 1054/1385/981 1048/1380/976
f 973/1382/978 988/1832/1014 977/1383/979
f 974/1379/975 973/1382/978 1056/1384/980
f 977/1386/979 988/1430/1014 990/1387/982
f 983/1389/984 982/1420/1008 976/1390/985
f 996/1392/987 994/1401/996 985/1393/988
f 980/1381/977 986/1833/1003 987/1395/990
f 1074/1396/991 992/1436/1017 991/1388/983
f 1075/1400/995 1069/1495/1045 1071/1497/1046
f 1071/1497/1046 1061/1834/1302 1063/1398/993
f 1063/1398/993 1065/1498/1047 1067/1399/994
f 1067/1399/994 1073/1492/1044 1075/1400/995
f 1075/1400/995 1071/1497/1046 1063/1398/993
f 994/1401/996 996/1392/987 1066/1402/997
f 1070/1404/999 990/1387/982 989/1405/1000
f 985/1407/988 979/1417/1006 981/1377/973
f 996/1392/987 995/1413/1005 1068/1409/1002
f 989/1405/1000 987/1431/990 986/1410/1003
f 978/1412/986 992/1436/1017 995/1413/1005
f 931/953/701 998/1488/1035 1004/929/678
f 958/1415/719 957/973/718 949/958/703
f 979/1417/1006 980/1437/977 1048/1418/976
f 928/922/672 933/1429/1013 1002/927/676
f 983/1389/984 984/1408/989 981/1377/973
f 987/1395/990 988/1832/1014 973/1382/978
f 926/935/684 927/915/666 1010/917/668
f 976/1390/985 982/1420/1008 1050/1376/972
f 950/1416/720 949/958/703 1016/960/705
f 960/1422/1010 959/1791/1301 951/979/724
f 1044/1366/962 971/1831/1127 970/1423/955
f 973/1382/978 975/1373/969 1058/1375/971
f 925/924/673 937/931/680 938/1425/691
f 927/915/666 929/936/685 930/923/671
f 954/983/728 962/982/727 961/1426/1011
f 943/939/688 944/918/669 930/920/671
f 956/981/726 964/980/725 963/1427/1012
f 977/1383/979 978/1391/986 976/1390/985
f 939/955/683 940/1835/1015 932/1428/679
f 991/1388/983 992/1436/1017 978/1412/986
f 935/921/670 936/954/681 934/928/677
f 989/1405/1000 990/1387/982 988/1430/1014
f 935/919/670 947/1788/1300 948/944/692
f 993/1411/1004 1062/1836/1043 1072/1406/1001
f 941/948/696 942/941/690 938/943/691
f 1014/1432/1009 1024/964/709 953/963/708
f 995/1413/1005 996/1392/987 984/1394/989
f 939/934/683 945/933/682 946/1433/702
f 1020/972/717 951/979/724 956/981/726
f 941/948/696 946/957/702 1078/1435/1016
f 1036/1363/959 967/1830/1121 972/1365/961
f 1084/945/693 947/1788/1300 944/918/669
f 1052/1378/974 981/1377/973 979/1417/1006
f 1092/940/689 943/939/688 942/941/690
f 1028/970/715 955/969/714 954/983/728
f 1068/1409/1002 995/1413/1005 992/1436/1017
f 985/1407/988 986/1837/1003 980/1437/977
f 966/1438/1018 965/1369/965 1032/1368/964
f 1040/1360/956 969/1829/1124 966/1438/1018
f 990/1387/982 1070/1404/999 1076/1397/992
f 994/1401/996 993/1500/1004 986/1440/1003
f 1003/1443/1022 997/1444/1023 999/1446/1024
f 999/1446/1024 1005/1838/1303 1007/1441/1020
f 1007/1441/1020 1009/1478/1036 1011/1442/1021
f 1011/1442/1021 1001/1450/1025 1003/1443/1022
f 1003/1443/1022 999/1446/1024 1007/1441/1020
f 997/1444/1023 998/1477/1035 1000/1445/686
f 1043/977/722 1041/1484/1039 1042/1447/963
f 1059/1370/966 1057/1487/1042 1058/1449/971
f 1001/1450/1025 1002/927/676 1004/1451/678
f 1007/1441/1020 1005/1838/1303 1006/1452/675
f 1049/1454/1026 1050/1376/972 1052/1455/974
f 1011/1442/1021 1009/1478/1036 1010/1456/668
f 1037/1457/1027 1038/1713/957 1040/1458/956
f 1055/1459/1028 1053/1486/1041 1054/1460/981
f 1015/1462/1029 1013/1479/1037 1014/1463/1009
f 1019/965/710 1017/1480/1038 1018/1465/704
f 1033/1466/1030 1034/1483/960 1036/1467/959
f 1047/1372/968 1045/1485/1040 1046/1468/1007
f 1021/1470/1031 1022/1481/707 1024/1471/709
f 1025/1472/1032 1026/968/713 1028/1473/715
f 1029/1474/1033 1030/1482/1019 1032/1475/964
f 1003/1443/1022 1004/1451/678 998/1477/1035
f 1006/1452/675 1005/1838/1303 999/1446/1024
f 1008/1453/674 1010/1456/668 1009/1478/1036
f 1012/916/667 1002/927/676 1001/1450/1025
f 1024/1471/709 1014/1463/1009 1013/1479/1037
f 1016/1464/705 1018/1465/704 1017/1480/1038
f 1026/968/713 1025/1472/1032 1019/965/710
f 1022/1481/707 1021/1470/1031 1027/966/711
f 1039/978/723 1040/1458/956 1030/1482/1019
f 1034/1483/960 1033/1466/1030 1031/1476/1034
f 1036/1467/959 1042/1447/963 1041/1484/1039
f 1044/1448/962 1038/1713/957 1037/1457/1027
f 1051/1371/967 1052/1455/974 1046/1468/1007
f 1048/1469/976 1054/1460/981 1053/1486/1041
f 1056/1461/980 1058/1449/971 1057/1487/1042
f 1050/1376/972 1049/1454/1026 1059/1370/966
f 998/1488/1035 931/953/701 932/1428/679
f 50/495/444 49/443/395 352/445/397
f 1063/1398/993 1061/1834/1302 1062/1490/1043
f 1073/1492/1044 1074/1396/991 1076/1493/992
f 1067/1399/994 1065/1498/1047 1066/1494/997
f 1069/1495/1045 1070/1499/999 1072/1496/1001
f 1065/1498/1047 1063/1398/993 1064/1491/998
f 1070/1499/999 1069/1495/1045 1075/1400/995
f 1062/1490/1043 1061/1834/1302 1071/1497/1046
f 1074/1396/991 1073/1492/1044 1067/1399/994
f 993/1500/1004 994/1401/996 1064/1403/998
f 1079/1502/1048 1077/1512/1052 1078/1503/1016
f 1083/950/698 1081/1511/1051 1082/1505/694
f 1085/1507/1049 1086/1514/695 1088/1508/697
f 1089/1509/1050 1090/1513/687 1092/1510/689
f 1081/1511/1051 1079/1502/1048 1080/1504/706
f 1088/1508/697 1078/1503/1016 1077/1512/1052
f 1090/1513/687 1089/1509/1050 1083/950/698
f 1086/1514/695 1085/1507/1049 1091/951/699
f 946/1433/702 945/933/682 1080/961/706
f 26/143/122 154/151/130 164/145/124
f 198/185/164 195/219/181 25/144/123
f 628/436/388 620/406/358 41/429/381
f 42/431/383 328/446/398 304/452/404
f 308/448/400 324/444/396 49/443/395
f 605/415/367 611/414/366 601/898/659
f 599/872/649 601/898/659 603/863/645
f 639/858/643 641/850/638 643/851/639
f 637/1516/1053 643/851/639 633/904/662
f 667/844/635 663/664/560 659/666/562
f 665/843/634 667/844/635 673/913/665
f 511/835/631 513/841/632 515/842/633
f 503/55/53 509/881/653 515/842/633
f 436/188/167 444/190/169 537/182/161
f 430/132/111 541/239/194 547/241/196
f 458/791/615 569/283/235 567/285/237
f 573/350/302 579/352/304 482/355/307
f 499/806/620 498/805/619 493/803/618
f 499/806/620 495/879/652 485/1517/1054
f 517/884/654 523/833/630 428/888/657
f 425/885/655 428/888/657 529/887/656
f 549/290/242 555/289/241 470/293/245
f 456/357/309 561/258/210 559/260/212
f 591/857/642 581/367/319 587/369/321
f 589/855/641 591/857/642 593/895/658
f 627/901/661 625/820/625 621/828/627
f 619/745/596 627/901/661 623/900/660
f 647/876/651 649/800/616 651/801/617
f 645/911/664 651/801/617 653/1518/1055
f 1096/1519/1056 1118/1543/1079 1115/1520/1057
f 1117/1522/1059 1124/1535/1072 1126/1523/1060
f 1126/1523/1060 1111/1662/1174 1104/1525/1062
f 1100/1528/1065 1103/1839/1073 1104/1705/1062
f 1104/1705/1062 1111/1840/1174 1112/1526/1063
f 1112/1526/1063 1107/1542/1078 1108/1527/1064
f 1108/1527/1064 1099/1841/1088 1100/1528/1065
f 1100/1528/1065 1104/1705/1062 1112/1526/1063
f 1101/1529/1066 1106/1660/1074 1119/1530/1067
f 1114/1532/1069 1121/1640/1162 1120/1533/1070
f 1120/1533/1070 1121/1640/1162 1124/1535/1072
f 1093/1521/1058 1115/1520/1057 1103/1536/1073
f 1110/1540/1076 1113/1555/1089 1114/1706/1069
f 1114/1706/1069 1105/1842/1071 1106/1538/1074
f 1106/1538/1074 1101/1843/1066 1102/1539/1075
f 1102/1539/1075 1109/1844/1173 1110/1540/1076
f 1110/1540/1076 1114/1706/1069 1106/1538/1074
f 1112/1526/1063 1125/1560/1094 1128/1541/1077
f 1096/1519/1056 1098/1531/1068 1119/1530/1067
f 1131/1544/1080 1109/1661/1173 1102/1545/1075
f 1122/1547/1082 1132/1556/1090 1129/1548/1083
f 1095/1550/1085 1094/1648/1169 1127/1551/1086
f 1127/1551/1086 1094/1648/1169 1099/1553/1088
f 1097/1546/1081 1095/1550/1085 1130/1552/1087
f 1113/1555/1089 1110/1540/1076 1132/1556/1090
f 1183/1559/1093 1189/1698/1187 1191/1679/1178
f 1191/1679/1178 1193/1699/1188 1195/1557/1091
f 1195/1557/1091 1185/1673/1177 1187/1558/1092
f 1187/1558/1092 1181/1671/1176 1183/1559/1093
f 1183/1559/1093 1191/1679/1178 1195/1557/1091
f 1125/1560/1094 1123/1549/1084 1129/1548/1083
f 1135/1561/1095 1143/1642/1164 1142/1562/1096
f 1186/1564/1098 1136/1641/1163 1135/1561/1095
f 1138/1566/1100 1137/1573/1107 1192/1567/1101
f 1140/1569/1103 1139/1575/1109 1196/1570/1104
f 1145/1572/1106 1148/1657/1171 1140/1569/1103
f 1144/1574/1108 1136/1641/1163 1139/1575/1109
f 1199/1579/1113 1205/1687/1180 1207/1689/1181
f 1207/1689/1181 1209/1709/1242 1211/1577/1111
f 1211/1577/1111 1201/1692/1184 1203/1578/1112
f 1203/1578/1112 1197/1700/1189 1199/1579/1113
f 1199/1579/1113 1207/1689/1181 1211/1577/1111
f 1133/1580/1114 1138/1566/1100 1190/1568/1102
f 1146/1582/1116 1138/1566/1100 1133/1580/1114
f 1215/1586/1120 1229/1690/1182 1231/1691/1183
f 1231/1691/1183 1233/1668/1175 1235/1584/1118
f 1235/1584/1118 1217/1710/1243 1219/1585/1119
f 1219/1585/1119 1213/1701/1190 1215/1586/1120
f 1215/1586/1120 1231/1691/1183 1235/1584/1118
f 1152/1587/1121 1151/1845/958 1204/1588/1122
f 1154/1590/1124 1153/1846/955 1208/1591/1125
f 1156/1593/1127 1155/1665/961 1212/1594/1128
f 1154/1590/1124 1206/1592/1126 1200/1596/1130
f 1234/1598/1131 1175/1628/1155 1176/1599/1132
f 1239/1603/1136 1221/1694/1185 1223/1696/1186
f 1223/1696/1186 1225/1682/1179 1227/1601/1134
f 1227/1601/1134 1241/1708/1248 1243/1602/1135
f 1243/1602/1135 1237/1704/1191 1239/1603/1136
f 1239/1603/1136 1223/1696/1186 1227/1601/1134
f 1166/1604/1137 1165/1654/1143 1220/1605/1138
f 1164/1607/1140 1226/1847/1144 1224/1608/1141
f 1161/1610/965 1158/1639/1161 1165/1611/1143
f 1226/1613/1144 1164/1651/1140 1163/1614/1145
f 1222/1616/1147 1160/1656/1170 1159/1609/1142
f 1177/1617/1148 1178/1624/1154 1244/1618/1149
f 1230/1620/1151 1171/1633/1158 1172/1621/1152
f 1173/1623/955 1169/1644/1166 1178/1624/1154
f 1176/1599/1132 1180/1627/961 1168/1626/1121
f 1159/1609/1142 1161/1610/965 1167/1612/958
f 1180/1627/961 1177/1617/1148 1163/1614/1145
f 1172/1621/1152 1173/1623/955 1179/1625/1127
f 1162/1629/1018 1160/1656/1170 1170/1630/1156
f 1157/1632/1157 1162/1629/1018 1174/1631/1124
f 1171/1633/1158 1230/1620/1151 1216/1634/1159
f 1182/1635/1160 1134/1563/1097 1133/1636/1114
f 1119/1530/1067 1120/1533/1070 1117/1522/1059
f 1134/1563/1097 1142/1562/1096 1141/1638/1117
f 1161/1610/965 1162/1629/1018 1157/1632/1157
f 1122/1547/1082 1123/1549/1084 1124/1535/1072
f 1136/1641/1163 1144/1574/1108 1143/1642/1164
f 1158/1639/1161 1157/1632/1157 1216/1634/1159
f 1169/1644/1166 1170/1630/1156 1240/1645/1167
f 1125/1560/1094 1126/1523/1060 1124/1535/1072
f 1238/1646/1168 1244/1618/1149 1178/1624/1154
f 1095/1550/1085 1096/1653/1056 1093/1647/1058
f 1100/1649/1065 1099/1553/1088 1094/1648/1169
f 1146/1582/1116 1145/1572/1106 1137/1573/1107
f 1167/1650/958 1168/1626/1121 1163/1614/1145
f 1095/1550/1085 1097/1546/1081 1098/1652/1068
f 1128/1541/1077 1129/1548/1083 1130/1552/1087
f 1168/1626/1121 1167/1650/958 1165/1654/1143
f 1097/1546/1081 1102/1545/1075 1101/1655/1066
f 1162/1629/1018 1161/1610/965 1159/1609/1142
f 1148/1657/1171 1147/1576/1110 1139/1575/1109
f 1188/1565/1099 1135/1561/1095 1134/1563/1097
f 1103/1536/1073 1115/1520/1057 1116/1524/1061
f 1136/1641/1163 1186/1564/1098 1196/1570/1104
f 1204/1588/1122 1151/1845/958 1150/1658/965
f 1214/1643/1165 1220/1707/1138 1165/1611/1143
f 1105/1534/1071 1120/1533/1070 1119/1530/1067
f 1107/1542/1078 1128/1541/1077 1127/1551/1086
f 1173/1623/955 1174/1631/1124 1170/1630/1156
f 1131/1544/1080 1132/1556/1090 1110/1540/1076
f 1137/1573/1107 1140/1569/1103 1194/1571/1105
f 1228/1615/1146 1163/1614/1145 1177/1617/1148
f 1126/1523/1060 1125/1560/1094 1112/1526/1063
f 1150/1658/965 1149/1597/1018 1200/1596/1130
f 1166/1604/1137 1218/1606/1139 1236/1600/1133
f 1156/1593/1127 1210/1595/1129 1208/1663/1125
f 1175/1628/1155 1234/1598/1131 1232/1622/1153
f 1113/1555/1089 1122/1547/1082 1121/1640/1162
f 1152/1587/1121 1202/1589/1123 1212/1594/1128
f 1179/1625/1127 1180/1627/961 1176/1599/1132
f 1118/1543/1079 1117/1522/1059 1116/1524/1061
f 1240/1645/1167 1170/1630/1156 1160/1656/1170
f 1180/1627/961 1179/1625/1127 1178/1624/1154
f 1174/1631/1124 1173/1623/955 1172/1621/1152
f 1132/1556/1090 1131/1544/1080 1130/1552/1087
f 1243/1602/1135 1241/1708/1248 1242/1666/1150
f 1211/1577/1111 1209/1709/1242 1210/1667/1129
f 1233/1668/1175 1234/1598/1131 1236/1669/1133
f 1239/1603/1136 1237/1704/1191 1238/1646/1168
f 1181/1671/1176 1182/1697/1160 1184/1672/1115
f 1185/1673/1177 1186/1564/1098 1188/1674/1099
f 1199/1579/1113 1197/1700/1189 1198/1675/1172
f 1215/1586/1120 1213/1701/1190 1214/1677/1165
f 1191/1679/1178 1189/1698/1187 1190/1680/1102
f 1225/1682/1179 1226/1703/1144 1228/1683/1146
f 1195/1557/1091 1193/1699/1188 1194/1684/1105
f 1219/1585/1119 1217/1710/1243 1218/1685/1139
f 1205/1687/1180 1206/1711/1126 1208/1688/1125
f 1229/1690/1182 1230/1702/1151 1232/1622/1153
f 1201/1692/1184 1202/1589/1123 1204/1693/1122
f 1221/1694/1185 1222/1712/1147 1224/1695/1141
f 1187/1558/1092 1188/1674/1099 1182/1697/1160
f 1184/1672/1115 1190/1680/1102 1189/1698/1187
f 1192/1681/1101 1194/1684/1105 1193/1699/1188
f 1186/1564/1098 1185/1673/1177 1195/1557/1091
f 1197/1700/1189 1203/1578/1112 1204/1693/1122
f 1200/1676/1130 1206/1711/1126 1205/1687/1180
f 1210/1667/1129 1209/1709/1242 1207/1689/1181
f 1202/1589/1123 1201/1692/1184 1211/1577/1111
f 1213/1701/1190 1219/1585/1119 1220/1686/1138
f 1230/1702/1151 1229/1690/1182 1215/1586/1120
f 1234/1598/1131 1233/1668/1175 1231/1691/1183
f 1218/1685/1139 1217/1710/1243 1235/1584/1118
f 1223/1696/1186 1224/1695/1141 1226/1703/1144
f 1240/1670/1167 1222/1712/1147 1221/1694/1185
f 1242/1666/1150 1241/1708/1248 1227/1601/1134
f 1244/1618/1149 1238/1646/1168 1237/1704/1191
f 1267/1520/1192 1270/1543/1250 1248/1519/1193
f 1269/1522/1195 1268/1524/1199 1278/1523/1196
f 1256/1525/1198 1263/1662/1257 1278/1523/1196
f 1256/1705/1198 1255/1839/1208 1252/1528/1209
f 1252/1528/1209 1251/1841/1222 1260/1527/1200
f 1260/1527/1200 1259/1542/1255 1264/1526/1201
f 1264/1526/1201 1263/1840/1257 1256/1705/1198
f 1256/1705/1198 1252/1528/1209 1260/1527/1200
f 1271/1530/1202 1258/1660/1211 1253/1529/1203
f 1266/1532/1205 1257/1534/1254 1272/1533/1206
f 1272/1533/1206 1269/1522/1195 1276/1535/1197
f 1255/1536/1208 1267/1520/1192 1245/1521/1194
f 1266/1706/1205 1265/1555/1226 1262/1540/1256
f 1262/1540/1256 1261/1844/1215 1254/1539/1210
f 1254/1539/1210 1253/1843/1203 1258/1538/1211
f 1258/1538/1211 1257/1842/1254 1266/1706/1205
f 1266/1706/1205 1262/1540/1256 1254/1539/1210
f 1264/1526/1201 1259/1542/1255 1280/1541/1212
f 1248/1519/1193 1270/1543/1250 1271/1530/1202
f 1283/1544/1214 1249/1546/1224 1254/1545/1210
f 1281/1548/1216 1284/1556/1225 1274/1547/1217
f 1279/1551/1219 1246/1648/1223 1247/1550/1220
f 1279/1551/1219 1260/1554/1200 1251/1553/1222
f 1282/1552/1221 1247/1550/1220 1249/1546/1224
f 1284/1556/1225 1262/1540/1256 1265/1555/1226
f 1343/1679/1229 1341/1698/1262 1335/1559/1260
f 1335/1559/1260 1333/1671/1259 1339/1558/1227
f 1339/1558/1227 1337/1673/1261 1347/1557/1228
f 1347/1557/1228 1345/1699/1263 1343/1679/1229
f 1343/1679/1229 1335/1559/1260 1339/1558/1227
f 1277/1560/1213 1280/1541/1212 1281/1548/1216
f 1294/1562/1106 1295/1642/1251 1287/1561/1230
f 1338/1564/1231 1340/1565/1252 1287/1561/1230
f 1344/1567/1233 1289/1573/1097 1290/1566/1114
f 1348/1570/1235 1291/1575/1239 1292/1569/1236
f 1297/1572/1096 1289/1573/1097 1292/1569/1236
f 1291/1575/1239 1288/1641/1232 1296/1574/1240
f 1359/1689/1189 1357/1687/1113 1351/1579/1180
f 1351/1579/1180 1349/1700/1181 1355/1578/1242
f 1355/1578/1242 1353/1692/1111 1363/1577/1184
f 1363/1577/1184 1361/1709/1112 1359/1689/1189
f 1359/1689/1189 1351/1579/1180 1355/1578/1242
f 1285/1580/1100 1336/1581/1258 1342/1568/1234
f 1285/1580/1100 1290/1566/1114 1298/1582/1117
f 1383/1691/1190 1381/1690/1120 1367/1586/1182
f 1367/1586/1182 1365/1701/1183 1371/1585/1175
f 1371/1585/1175 1369/1710/1118 1387/1584/1243
f 1387/1584/1243 1385/1668/1119 1383/1691/1190
f 1383/1691/1190 1367/1586/1182 1371/1585/1175
f 1356/1588/1129 1303/1845/1127 1304/1587/961
f 1360/1591/1172 1305/1846/965 1306/1590/1018
f 1364/1594/1245 1307/1665/1121 1308/1593/958
f 1352/1596/1247 1358/1592/1130 1306/1590/1018
f 1386/1598/1138 1388/1600/1139 1328/1599/1137
f 1375/1696/1191 1373/1694/1136 1391/1603/1185
f 1391/1603/1185 1389/1704/1186 1395/1602/1179
f 1395/1602/1179 1393/1708/1134 1379/1601/1248
f 1379/1601/1248 1377/1682/1135 1375/1696/1191
f 1375/1696/1191 1391/1603/1185 1395/1602/1179
f 1372/1605/1131 1317/1654/1155 1318/1604/1132
f 1376/1608/1168 1378/1847/1149 1316/1607/1154
f 1317/1611/1155 1310/1639/1152 1313/1610/955
f 1378/1613/1149 1380/1615/1150 1315/1614/1148
f 1374/1616/1167 1376/1608/1168 1311/1609/1166
f 1396/1618/1144 1330/1624/1140 1329/1617/1145
f 1382/1620/1159 1384/1622/1165 1324/1621/1161
f 1330/1624/1140 1321/1644/1142 1325/1623/965
f 1320/1626/961 1332/1627/1121 1328/1599/1137
f 1319/1612/1127 1313/1610/955 1311/1609/1166
f 1315/1614/1148 1329/1617/1145 1332/1627/1121
f 1331/1625/958 1325/1623/965 1324/1621/1161
f 1322/1630/1170 1312/1656/1156 1314/1629/1124
f 1326/1631/1018 1314/1629/1124 1309/1632/1158
f 1368/1634/1151 1382/1620/1159 1323/1633/1157
f 1334/1635/1249 1336/1637/1258 1285/1636/1100
f 1269/1522/1195 1272/1533/1206 1271/1530/1202
f 1286/1563/1107 1285/1636/1100 1293/1638/1116
f 1309/1632/1158 1314/1629/1124 1313/1610/955
f 1274/1547/1217 1273/1640/1207 1276/1535/1197
f 1288/1641/1232 1287/1561/1230 1295/1642/1251
f 1368/1634/1151 1309/1632/1158 1310/1639/1152
f 1392/1645/1147 1322/1630/1170 1321/1644/1142
f 1276/1535/1197 1278/1523/1196 1277/1560/1213
f 1390/1646/1141 1321/1644/1142 1330/1624/1140
f 1245/1647/1194 1248/1653/1193 1247/1550/1220
f 1246/1648/1223 1251/1553/1222 1252/1649/1209
f 1289/1573/1097 1297/1572/1096 1298/1582/1117
f 1315/1614/1148 1320/1626/961 1319/1650/1127
f 1247/1550/1220 1248/1653/1193 1250/1652/1204
f 1280/1541/1212 1279/1551/1219 1282/1552/1221
f 1317/1654/1155 1319/1650/1127 1320/1626/961
f 1249/1546/1224 1250/1652/1204 1253/1655/1203
f 1311/1609/1166 1313/1610/955 1314/1629/1124
f 1291/1575/1239 1299/1576/1241 1300/1657/1238
f 1286/1563/1107 1287/1561/1230 1340/1565/1252
f 1255/1536/1208 1256/1525/1198 1268/1524/1199
f 1348/1570/1235 1338/1564/1231 1288/1641/1232
f 1302/1658/955 1303/1845/1127 1356/1588/1129
f 1366/1643/1153 1310/1639/1152 1317/1611/1155
f 1257/1534/1254 1258/1660/1211 1271/1530/1202
f 1259/1542/1255 1260/1554/1200 1279/1551/1219
f 1322/1630/1170 1326/1631/1018 1325/1623/965
f 1262/1540/1256 1284/1556/1225 1283/1544/1214
f 1289/1573/1097 1344/1567/1233 1346/1571/1237
f 1329/1617/1145 1315/1614/1148 1380/1615/1150
f 1264/1526/1201 1277/1560/1213 1278/1523/1196
f 1352/1596/1247 1301/1597/1124 1302/1658/955
f 1388/1600/1139 1370/1606/1133 1318/1604/1132
f 1360/1663/1172 1362/1595/1246 1308/1593/958
f 1384/1622/1165 1386/1598/1138 1327/1628/1143
f 1265/1555/1226 1266/1532/1205 1273/1640/1207
f 1364/1594/1245 1354/1589/1244 1304/1587/961
f 1328/1599/1137 1332/1627/1121 1331/1625/958
f 1268/1524/1199 1269/1522/1195 1270/1543/1250
f 1312/1656/1156 1322/1630/1170 1392/1645/1147
f 1330/1624/1140 1331/1625/958 1332/1627/1121
f 1324/1621/1161 1325/1623/965 1326/1631/1018
f 1282/1552/1221 1283/1544/1214 1284/1556/1225
f 1395/1602/1179 1396/1618/1144 1394/1666/1146
f 1364/1594/1245 1362/1667/1246 1361/1709/1112
f 1388/1669/1139 1386/1598/1138 1385/1668/1119
f 1391/1603/1185 1392/1670/1147 1390/1646/1141
f 1336/1672/1258 1334/1697/1249 1333/1671/1259
f 1340/1674/1252 1338/1564/1231 1337/1673/1261
f 1352/1676/1247 1350/1675/1253 1349/1700/1181
f 1367/1586/1182 1368/1678/1151 1366/1677/1153
f 1343/1679/1229 1344/1681/1233 1342/1680/1234
f 1380/1683/1150 1378/1703/1149 1377/1682/1135
f 1347/1557/1228 1348/1570/1235 1346/1684/1237
f 1371/1585/1175 1372/1686/1131 1370/1685/1133
f 1359/1689/1189 1360/1688/1172 1358/1711/1130
f 1384/1622/1165 1382/1702/1159 1381/1690/1120
f 1355/1578/1242 1356/1693/1129 1354/1589/1244
f 1376/1695/1168 1374/1712/1167 1373/1694/1136
f 1334/1697/1249 1340/1674/1252 1339/1558/1227
f 1336/1672/1258 1335/1559/1260 1341/1698/1262
f 1344/1681/1233 1343/1679/1229 1345/1699/1263
f 1347/1557/1228 1337/1673/1261 1338/1564/1231
f 1349/1700/1181 1350/1675/1253 1356/1693/1129
f 1351/1579/1180 1357/1687/1113 1358/1711/1130
f 1359/1689/1189 1361/1709/1112 1362/1667/1246
f 1364/1594/1245 1363/1577/1184 1353/1692/1111
f 1365/1701/1183 1366/1677/1153 1372/1686/1131
f 1368/1678/1151 1367/1586/1182 1381/1690/1120
f 1383/1691/1190 1385/1668/1119 1386/1598/1138
f 1387/1584/1243 1369/1710/1118 1370/1685/1133
f 1378/1703/1149 1376/1695/1168 1375/1696/1191
f 1391/1603/1185 1373/1694/1136 1374/1712/1167
f 1380/1683/1150 1379/1601/1248 1393/1708/1134
f 1396/1618/1144 1395/1602/1179 1389/1704/1186
f 1397/958/728 1416/960/1277 1418/959/1264
f 1422/962/1266 1424/964/1280 1401/963/720
f 1415/1462/1269 1413/1479/1282 1423/967/1285
f 1423/967/1285 1421/1470/1284 1427/966/1267
f 1427/966/1267 1425/1472/1286 1419/965/1268
f 1419/965/1268 1417/1480/1283 1415/1462/1269
f 1415/1462/1269 1423/967/1285 1427/966/1267
f 1426/968/1270 1428/970/1281 1403/969/1271
f 1420/972/1273 1399/979/1276 1400/971/1265
f 1405/973/727 1397/958/728 1400/971/1265
f 1406/974/1011 1409/1426/719 1401/963/720
f 1412/980/1275 1407/1791/1304 1399/979/1276
f 1410/982/718 1411/1427/1279 1403/969/1271
f 1397/958/728 1405/973/727 1406/1415/1011
f 1416/960/1277 1397/958/728 1398/1416/708
f 1399/979/1276 1407/1791/1304 1408/1422/1274
f 1402/983/703 1401/963/720 1409/1426/719
f 1404/981/1272 1403/969/1271 1411/1427/1279
f 1414/1432/1278 1398/975/708 1401/963/720
f 1404/981/1272 1399/979/1276 1420/972/1273
f 1402/983/703 1403/969/1271 1428/970/1281
f 1415/1462/1269 1416/1464/1277 1414/1463/1278
f 1419/965/1268 1420/972/1273 1418/1465/1264
f 1424/1471/1280 1422/1481/1266 1421/1470/1284
f 1428/1473/1281 1426/968/1270 1425/1472/1286
f 1424/1471/1280 1423/967/1285 1413/1479/1282
f 1416/1464/1277 1415/1462/1269 1417/1480/1283
f 1419/965/1268 1425/1472/1286 1426/968/1270
f 1427/966/1267 1421/1470/1284 1422/1481/1266
f 1439/1476/1027 1437/1474/723 1447/978/1033
f 1447/978/1033 1445/1457/1034 1451/977/1030
f 1451/977/1030 1449/1484/721 1443/976/1039
f 1443/976/1039 1441/1466/722 1439/1476/1027
f 1439/1476/1027 1447/978/1033 1451/977/1030
f 1448/1360/1287 1433/1829/1018 1434/1359/965
f 1444/1363/963 1431/1830/961 1432/1362/1127
f 1452/1366/960 1435/1831/958 1436/1365/1121
f 1440/1368/1290 1442/1364/962 1432/1362/1127
f 1434/1423/965 1435/1831/958 1452/1366/960
f 1436/1365/1121 1431/1830/961 1444/1363/963
f 1440/1368/1290 1429/1369/955 1430/1438/1124
f 1430/1438/1124 1433/1829/1018 1448/1360/1287
f 1451/977/1030 1452/1448/960 1450/1447/1289
f 1448/1458/1287 1446/1713/1288 1445/1457/1034
f 1444/1467/963 1442/1483/962 1441/1466/722
f 1440/1475/1290 1438/1482/1291 1437/1474/723
f 1437/1474/723 1438/1482/1291 1448/1458/1287
f 1439/1476/1027 1441/1466/722 1442/1483/962
f 1443/976/1039 1449/1484/721 1450/1447/1289
f 1452/1448/960 1451/977/1030 1445/1457/1034
